Code,Representative Name
A15,SKYBLUE ALMONDS
A4,ACP-HAWAI-6/10-126/100
A5,ANJEER 250GM
A6,ALMONDS
A8,AAMSOOL 1KG
A9,20-20 AKROTH
AAA2,ARSI ACTIVE AGGARBATI
AAG1,APEX ADARAK GREATER &PEELER
AAU1,AAKASH ALU UPWAS CHIVDA
AB1,ARISTO BASKET SUSAN
AB6,AMUL BUTTER
ABB2,AJAY BABY BRUSH
ABG1,CHESS SNAKES N LADDERS LITTLE
ABM1,ARISTO BASKET MISTY 111
ABM2,ARISTO BASKET MISTY 222
ABS2,ARIHANT BHAJI SHEV
AC3,20-20 APRICOT CLASSIC
AC4,AWLA CANDY 100G
AC5,AAM CANDY 65ML
AC7,AMUL CHEESE 200GM
AC8,AYUR COCO BUTTER LOTION 1LTR
ACA1,AALOK CRYSTAL AGGARBATI
ACA2,ASHIRVAAD CHAKKI ATTA 5KG
ACA4,AASHIRVAAD CHAKKI ATTA 10KG
ACC3,AMUL CHEESE CUBES
ACG1,ANIK COW GHEE 500 ML
ACG2,ANIK COW GHEE 1 L
ACG3,AMUL COW GHEE
ACG4,AER CLICK GEL GODREJ BLUE
ACK1,AJAY COMPLETE KIDS BRUSH
ACM1,AMBARI CHATPAT MASALA
ACM2,AMBARI CHATPAT MASALA
ACM3,ABARI CHATPAT MASAL
ACM4,AYUR CLEANSING MILK
ACP1,AMBARI CHILLI POWDER
ACP2,AMBARI CHILLY POWDER
ACP3,AMBARI CHILLI POWDER
ACS2,ACT 2 CLASSIC SALTED
ADB1,DELICIOUS BUTTER 500GM
ADD1,AXE DEO DARK TEMPTATION
ADP1,AXE DEO PULSE
ADT1,AXE SIGN DARK TEMPT
AF1,APPY FIZZ
AFC2,AMUL FRESH CREAM
AFL1,ARIEL FRONT LOAD
AFL2,ARIEL FRONT LOAD 500ML
AFP1,SPECIAL ANJEER
AG1,AJWAIN GOLI
AG2,AMUL GHEE
AG4,AMUL GHEE 500ML
AGD1,ZIPPER GOOD DAY NATURAL
AGD2,AALOK GOOD DAY AGARBATTI FRUIT  PACK
AGM1,AMBARI GODA MASALA
AGM2,AMBARI GARAM MASALA
AGM3,AMBARI GARAM MASALA 100G
AGS1,ACT 2 GOLDEN SIZZLE
AGT1,AXE GOLD TEMPTATION
AGT4,AMUL GHEE TIN
AH1,ALITE HANDWASH
AHB1,ALITE HANDWASH BOTTLE
AHH1,APIS HIMALAYA HONEY 50GM
AHH2,APIS HIMALAYA HONEY B1G1 225GM
AHH3,APIS HIMALAYA HONEY 250GM
AHP1,AMBARI HALDI POWDER
AJ1,ALPINE JAR 450 3PC
AJ2,ALPINE JAR 750-3PS
AJ5,ANJEER JAR
AJJ2,ALPE JUZT JELLY STRAWBERRY
AJP1,JUG 1500
AKB1,ARISTO KATRINA BASKET
AKL1,AMBARI KANDA LAHSIN MASALA
AKL3,AMBARI KANDA LAHSIN MASALA
AL2,AMUL LASSI
AL3,AMUL LASSI 250ML
ALB1,ARISTO LUXOR BASKET WITH LID SMALL
ALB2,ARISTO LUXOR BASKET WITH LID BIG
ALF1,ARIEL LIQUID FL
ALF2,ARIEL LIQUID FL
ALF3,ARIEL LIQUID FRONT LOAD 3LTR
ALT2,ARIEL LIQUID TL
ALT3,ARIEL LIQUID TL
ALT4,ARIEL LIQUID TL
ALT5,ARIEL LIQUID TOP LOAD 3LTR
AM1,ANAND MUKHWAS
AM2,ANAR MASTI
AM3,ANAND MUKHWAS  200GM
AM7,AYUR MOISTURIZER
AMB1,ACT 2 MAGIC BUTTER FLV
AMF2,ARIEL MATIC FRONT LOAD DETERGENT
AMK1,ANAND MUKHWAS KACCHI
AMT1,ARIEL MATIC TL
AMT2,ARIEL MATIC TL
AN1,AMERICAN NUTS
ANI1,AALOK NATURAL 4 IN 1
ANT1,ACT 2 NACHOZ TOMATO 150GM
AOA1,AALOK ORIENTAL AGARBATI
AOD1,AII OUT DENGUE REFFIL
AOP1,ALL OUT COMBI PACK
AOU2,ALL OUT ULTRA REFILL
AP10,AAMCHOOR POWDER 100GM
AP6,ANAND PKL
AP8,AMUL PANEER
APA2,AMBI PUR AIR E.
APA6,ARSI PASSION AGGARBATI
APC3,AMBI PUR CAR LIQ JASMINE
APC6,APEX PIZZA CUTTER
APP1,APSARA PLATINUM PENCIL
APV1,GODREJ AER JASMINE FLORAL
APW1,ARIEL PERFECT WASH POWDER 500GM
APW2,ARIEL PERFECT WASH POWDER 1KG
AR1,20-20 APRICOT ROYAL
AR4,AAKASH RASGULLA
AS1,ARISTO SPRAYER S
AS2,ANNAPURNA SALT
AS3,ANKUR SALT
AS5,ARISTO SPRAYER
AS7,AMUL SHRIKHAND ELAICHI
ASB1,AXE SIGNATURE BODY DEODORANT INTENSE
ASB3,AMUL SPICED BUTTER MILK
ASB5,APIS SHAHENSHAH BLACK DATES
ASC1,ARISTO SUPER-2 CONTAINER
ASC2,ARISTO SUPER-3 CONTAINER
ASC4,AXE SHAVING CREAM DENIM 30GM
ASC5,AXE SHAVING CREAM DENIM 78GM
ASD1,ARISTO SIGMA DRAWER-3
ASD3,AXE SIGNATURE DEO CORPORATE 154ML
ASD4,AXE SIGNATURE DEO MAVERICK 154ML
ASE2,AMUL SHRIKHAND ELAICHI 100GM
ASK1,AMUL SHRIKHAND KESAR
ASM2,ARIHANT SPECIAL MIXTURE
ASN1,APEX SALT N PEPPER SS SUPER MOM
ASP3,ARISTO IRIS SPRAY SMALL
ASP4,ARISTO SPRAYER IRIS BIG
ASS1,ARISTO SUPRIYA SUPDI
AT1,ANCHOR TOOTHPASTE 200GM
ATL2,AMUL TRU LYCHEE 150ML
AUC1,ARIHANT UPWAS CHIVDA NYLON
AVG1,ALOE VERA GEL
AZ1,APIS ZAHIDI 250
AZ2,APIS ZAHIDI 500GM
B1,555 BHADANG
B7,BCPL-AGGOLDSTAR-1/5-234/160
B8,BCPL-AGLUNA-11/3-199/160
B9,BHAGAR 500GM
BA4,BOROLINE ANTISEPTIC
BAD1,BAJAJ ALMOND DROPS HAIR OIL
BAD2,BAJAJ ALMOND DROPS HAIR OIL
BAD3,BAJAJ ALMOND DROPS HAIR OIL
BAG1,BOWLING ALLEY GAME SENIOR
BAH1,BAJAJ ALMOND HAIR OIL
BAH2,BAJAJ ALMOND HAIR OIL
BB21,BRITANNIA BOURBON 50GM
BB3,BRI BOURBON
BB5,BRI BOURBON
BBP2,BADSHAH BIRYANI PULAV MASALA
BBS1,BROOKE B SUPER DUST TEA
BC16,BRI VEG CAKE 15RS
BC2,BOURBON COMBO
BC4,BLACK CURRENT
BC5,BHIMSEN  CAMPHOR
BCF1,B CORN FLOUR
BCF2,GARNIER VITAMIN C FACEWASH
BCG1,BRU COFFEE GOLD
BD5,BEST DHANIYA 200GM
BD6,BEST DHANIYA 500GM
BF2,BOMBAY FULFI
BF7,BLACK FOREST HAVMOR FAMILY PACK
BFP1,BISK FARM POTATO THINZ BISCUITS 50GM
BFR1,BISK FARM RUSKIT MILK RUSK
BFR2,BISK FARM RUSKIT GOLD RUSK
BFR3,BISK FARM RUSKIT BUTTER RUSK
BG6,BOR GOLI
BG7,BALAJI GUL 1KG
BGC1,BRU  COFFEE PURE
BGC2,BRU PURE COFFEE 50GM
BGC3,BRI GOODDAY CASHEW
BGC4,BRI GD CHOCOCHIP
BGC7,BRI GOODDAY CASHEW 600GM
BGC8,BRI GOODDAY CASHEW
BGC9,BRI GD CHOCO CHIPS
BGD1,BRI GOOD DAY CASHEW COOKIES
BGD2,BRI GOOD DAY BUTTER
BGD4,BRI GOOD DAY BUTTER COOKIES 4+1 FREE
BGD5,BRI GOOD DAY BUTTER COKIES
BGL1,BRU GREEN LABEL
BHS7,BLUE HEAVEN SOFT KAJAL EYE LINER
BI1,BRU INSTANT POLY
BI2,BRU INSTANT  10RS
BI3,BRU INSTANT 10RS
BJG1,BOURNVITA JAR 500 GM
BJJ1,BRI JIM JAM TREAT
BJJ2,BRI JIM JAM
BK7,BORA KHASKHAS
BKD1,BYTCO KALA DANT MANJAN
BKP2,BUSH KESARI POWDER
BLH1,BRI LITTLE H BISCUITS
BLM1,BLUE HEAVEN BOLD MASCARA BLACK
BM4,BALAJI MURMURA
BM6,BOTTLE MANGO 2LTR
BM8,BASMATI MAYRA
BM9,BASMATI MAYRA 5KG
BMC1,BRITANIA MASKA CHASKA
BMD1,BHOJWANIS MOONG DAL
BMG1,BRI MARIE GOLD BISCUITS 78GM
BMG2,BRI MARIE GOLD BISCUITS
BMG3,BRI MARIE GOLD BISCUITS
BNC1,BRI NUTRI CHOICE BISCUITS
BNT1,BRI NICE TIME
BP1,BORO PLUS
BP2,BHAIYYA  POWDER
BP3,20-20 BLACK PEPPER
BP4,BHAJKA POHA 500GM
BP5,BADAM PACKING 250GM
BP6,BORIC POWDER 45RS.
BP7,BORIC POWDER 70RS.
BPA1,BORO PLUS A.CREAM
BPA2,BORO PLUS ANTIS CREAM
BPC1,BROWN & POLSON CUSTARD PDR
BPC2,BROWN N POLSON CORN STARCH
BPC3,BROWN & POLSON CUSTARD PDR 500
BPP1,BALL PEN 10 PC
BR2,20-20 BLACK RAISINS
BRL1,RED LABEL 1KG
BRL2,BB RED LABEL NC
BRS1,20-20 BLACK RAISINS SEEDLESS
BRS3,BLACK RASINS SEEDLESS
BS12,HAVMOR BUTTER SCOTCH
BS13,HAVMOR BUTTER SCOTCH ICECREAM
BS14,HAVOR BUTTER SCOTCH FAMILY PACK
BS16,BABY SAFFRON
BS22,BHAJKI SUPARI 50GM
BS5,BESAN SAMRAT
BS6,BESAN SAMRAT
BSC1,HAVMOR BUTTER SCOTCH CAKE
BSM1,BABA SPL MIXTURE
BSM3,BADSHAH SAMBAR MASALA
BSR1,BRASS SANCHARI RING
BSR2,BOOMER STRAWBERRY RS10
BT6,BLACK TIL 50GM
BTK2,BRI TIGER KRUNCH
BTL1,BB TAAZA LEAF
BUD2,BOMBAY URID DAL 500GM
BVJ1,BOURN VITA JAR 500GM
BVS1,BOURN VITA SHAKTI
BWB1,BISLERI WATER BOTTEL
C1,COMPASS
C18,COMPLAN 75GM
C5,CHAVLI 500GM
C8,CHARGED
C9,CHOLE 500GM
CA3,20-20 CALIFORNIA ALMONDS
CA4,CYCLE 3IN1 AGARBATTI
CA5,CHITALE AMARAKHAND
CAB1,CAD ALMOND BITES
CAC1,CLEAN AND CLEAR FW 50ML
CB10,CHITALE BUTTER
CB11,CHANA BOLD 1KG
CB12,COMFORT BLUE
CB2,COMFORT FAB BLUE
CB3,CHITALE BAKARWADI
CB4,CHAKLI BHAJNI
CB6,CHANA BOLD 500GM
CB8,CHOCO BROWNIE
CB9,CHITALE BUTTERMILK
CBM1,CHITALE BASUNDI MIX 100GM
CBP1,CHITALE KESAR PISTA SHRIKHAND
CBP2,CHERRY BLACK POLISH
CBS3,CELLO MODU STACK 300
CBS4,CHITALE BANANA 125GM - SPICY
CBS5,CHITALE BANANA 150GM - SALTY
CBT1,CHITALE BANANA 125GM - TWISTED
CC10,COLGATE CIBACA
CC11,CHOCOLATE CONE
CC12,CHOCOLATE CHIPS
CC13,HAVMOR CHOCOLATE CAKE
CC15,COCA COLA
CC21,COLGATE CIBACA 70RS.
CC26,COCA COLA
CC3,COLIN CLEANER
CC4,CAD CHOCOBAKES
CC6,CAD CHOCOBAKES
CCB2,CAMPURE CONE BHIMESNI
CCC6,COLGATE CHARCOAL CLEAN PACK OF 2
CCF1,CHITALE COFFEE FLAVOURED MILK
CCG2,CHITALE COW GHEE JAR 1LTR
CCG3,CHITALE COW GHEE JAR 500ML
CCJ1,COMPLAN CHOCO JAR
CCL1,CAMPURE CONE LAVENDER
CCM2,CLEAN & CLEAR MORNING ENERGY LEMON
CCM3,CLEAN & CLEAR MORNING ENERGY BERRY
CCN2,CHITALE CHIVDA NYLON SHEV NO ONION NO GA
CCP3,CHITALE CHEESE
CCP6,COLGATE CIBACA PASTE
CCR1,CAMPHOR CONE REFRESHING FRAGRANCE TIRANG
CCR2,CAMPHOR CONE REFRESHING FRAGRANCE JASMIN
CCR3,CAMPHOR CONE REFRESHING FRAGRANCE ROSE
CCR4,CAMPHOR CONE REFRESHING FRAGRANCE MOGRA
CCS3,CHUPA CHUP SOUR BITES
CD2,CHITALE DAHI
CD6,COMFORT DESIRE 1LTR
CDM1,CHITALE DOSA MIX
CDM13,CADBURY DAIRY MILK CRISPELLO
CDM2,CADBURY DAIRY MILK CHOCOLATE
CDM3,CADBUARY DAIRY MILK
CDM4,CADBURY DAIRY MILK ROAST ALMOND
CDM5,CAD DAIRY MILK
CDM6,CADBURY DAIRY MILK FRUIT & NUT 80GM
CDM8,CADBURY DAIRY MILK 40RS
CDS1,CHINGS DRK SOY SAUCE
CDS2,CADBURY SILK FRUIT N NUT 55GM
CDS7,CADBURY DAIRY MILK SILK OREO
CEF1,CLOSEUP EVER FRESH
CF1,CAD FUSE
CF2,CADBURRY FRUIT&NUTS
CFC1,COMFORT FAB COND ROYAL
CFC2,COMFORT FABRIC CONDITIONER BLUE 860ML
CFC3,COMFORT FABRIC CONDITIONER GREEN 860ML
CFM1,CHITALE FLV MILK BUTTERSCOTCH
CFW1,CLEAN N CLEAR FACEWASH 100ML
CG1,CHITALE GULABJAMUN
CG2,COMFORT FAB GREEN
CG3,CHITALE GHEE 500ML
CG4,CHITALE GHEE
CG5,CHITALE GULABJAM
CG6,CHITALE GHEE 200ML
CG7,20-20 CASHEW GREEN
CGC1,CHITALE GHEE
CGC2,CHITALE GHEE COW.
CGC3,CHITALE GHEE COW
CGJ2,CHITALE GULAB JAMUN MIX
CHN1,CHINGS HAKKA NOODLES
CIK1,CHITALE INS KHEER MIX
CIM1,CHITALE IDLI MIX
CIM2,CHITALE IDLI MIX
CJ1,CHITALE JAMUN 200GM
CK7,CHOWPATY KULFI
CKB2,CELLO KLEENO ADJUSTABLE BROOMS
CKD1,CHITALE KHAMAN DHOKLA
CKK1,CHITALE KAJU KATLI
CKM1,CHITALE KHAMAN MIX
CKP1,CAMLIN KLICK PENCIL 0.5MM
CL1,COMFORT FAB CONDITIONER DESIRE
CL2,COMFORT LIQUID DESIRE
CL3,CAD. LOLLIPOP
CL7,COLIN LIQUID
CL8,COMFORT LIQUID ROYALE
CL9,CARAMILK LOTTE
CLF1,CLOSEUP LEMON FRESH 150GM
CLR1,CINTHOL LIME REF. SOAP
CLS2,CYCLE LIA SOLID DHOOP
CLS3,CYCLE LIA SOLID DHOOP
CLS4,CYCLE LIA SOLID DHOOP
CLS6,CINTHOL LEMON SOAP
CM10,CHITALE MENDUWADA
CM13,CHEWITS MANGO
CM4,CHATPAT MASALA
CM5,CHATPAT MASALA
CM6,CHATPAT MASALA
CM7,COCONUT+MANGO MIX
CM8,CHOCLATE MIX 20RS
CM9,CHOCLATE MIX 50RS
CMC1,CELLO MINT CANISTER 500
CMC2,CELLO MINT CANISTER 750
CMC3,CELLO MINT CANISTER 1000
CMC4,CELLO MINT CANISTER 1500
CMC5,CELLO MINT CANISTER 2000
CMC6,COLGATE MAX CHARCOL
CMD1,CHILTA MOONG DAL
CMD2,CHILTA MOONG DAL 1KG
CMF1,COLGATE MAX FRESH RED
CMF2,CHITALE MIX FRUIT JAM
CMF3,CHITALE MIX FRUIT JAM  200GM
CMN1,CHINGS MANCHURAIN NOODLES
CMR1,COLGATE MAXFRESH RED
CMR2,COLGATE MAXFRESH RED
CMS1,CELLO MODU STACK 500
CMS2,CELLO MODU STACK 750
CMS3,CELLO MODU STACK 1000
CMS4,CELLO MODU STACK 1500
CMS5,CELLO MODU STACK 2000
CMS7,CELLO MODU STACK SQUARE 300
CMV1,CAVIN MILKSHAKE VANILLA
CNC1,CYCLE NAIVEDYA CUP DHOOP
COC1,CAVIN ORANGE CREAM BISC MILK SHAKE
COP1,CAMEL OIL PASTELS
CP11,CAD PERK
CP13,CHANA PAPAD 1KG
CP19,COMFORT PINK 2LTR
CP4,COMFORT FAB PINK
CP6,COLGATE PASTE 200
CP7,COLGATE PASTE 100
CP8,CORIENDER POWDER200
CP9,RAVI DHANIYA POWDER
CPA1,CLINIC PLUS ANTI DANDRUFF SHAMP
CPC1,CAMEL POSTER COLOURS
CPC2,CAMEL POSTER COLOURS
CPE1,CLINIC PLUS EGG PROTEIN 340ML
CPG1,CHACHA POHA 500 GM
CPK1,CHACHA POHA 1 KG
CPM1,COLGATE MAX FRESH 150*4
CPS2,CLINIC PLUS+ SHAMPOO ST
CPS3,CLINIC PLUS STRONG N LONG
CPS4,CLINIC PLUS S&THICK SHAMPOO
CPS5,CLINIC PLUS STRONG N LONG 80ML
CPS6,CLINIC PLUS STRONG &THICK SHAMPOO BTL
CPS8,COLGATE SALT
CPS9,CLINIC PLUS S&L PUMP SHAMPOO
CR14,CHERRY ROUND
CR16,CHOCO ROLLZ CHOKI CHOKI
CR2,CHITALE RASGULLA
CRC1,CHINGS RED CHILLI SAUCE
CS1,CHITALE SOANPAPDI
CS10,COLGATE STRONG
CS13,CAMEL 7 SHABHUDANA
CS2,CHITALE SOANPAPDI
CS24,CAMLIN SCALE
CS3,CADBURY SHOTS
CS7,7 CAMEL SHABHUDANA
CS8,24 CARAT 15LTR SOYA
CS9,CAMLIN SCHOLAR COMPASS
CSB2,BASKET BALL WONDER*140
CSB3,CHITALE SHRIKHAND B.PISTA
CSB5,CHITALE SHRIKHAND BADAM PISTA
CSB6,CADBURY SILK BUBBLY
CSB7,COLGATE SENSITIVE 80*2
CSC2,CADBURY 5 STAR CHOCOLATE 3D
CSC4,CHINGS SCHEZWAN CHUTNEY
CSD3,COMFORT SS DESIRE
CSH1,CAD SILK HAZELNUT
CSO1,24 CARAT SOYA OIL
CSP1,COLGATE STRONG PASTE 500 GM
CSP2,CADBURY SILK CHOCOLATE PLAIN
CST1,COLGATE STRONG TEETH 300GM
CST2,COLGATE STRONG TEETH
CT6,CASHEW TUKDA 500GM
CTC1,CHITALE TMARIND CHUTNEY
CTK1,CHITALE TOMATO KETCHUP 100GM
CTK2,CHITALE TOMATO KETCHUP 500GM
CTP1,COLGATE TOOTH POWDER
CTP2,COLGATE TOOTH POWDER
CTR1,CHAND TARA RICE
CTS1,24 CARATS TILLY (SESAME SEEDS) 1 KG PACK
CUE1,CLOSE UP EVER FRESH
CUP1,CLOSE UP PASTE
CUP2,CLOSE UP PASTE FIRFREEZ
CUP4,CLOSE UP PASTE 450
CV2,COLGATE VEDSHAKTI 200GM
CVW2,COLGATE VISIBLE WHITE
CWC1,CAMEL WAX CRAYONS SMALL
D1,DALWA
D10,DALCHINI 100GM
D11,DELICIOUS BUTTER
D12,DINK 500GM
D13,DHANIYA 1KG
D14,DALWA 1KG
D16,DINK 250GM
D17,DHANIYA 250GM
D23,DHANIYA 100GM
D25,DALCHINI 20GM
D3,DHANADAL
D4,DHANADAL 250
D5,DINK 200GM
D51,DHANA DAL 200
D6,DINK 50GM
D9,DHANIYA 200GM
DA1,DETTOL ANTISEPTIC
DA2,DETTOL ANTISEPTIC
DA3,DETTOL ANTISEPTIC
DAD1,DOVE ANTI DANDRUF 180ML
DAD2,DOVE ANTI DANDRUFF SHAMPOO 80ML
DAD3,DOVE ANTI DANDRUFF CLEAN & FRESH
DAG1,DOMEX ACTIVE GREEN FORMULA 500ML
DAG2,DABUR ANMOL GOLD OIL
DAG3,DABUR ANMOL G JASMIN OIL
DAH1,DABUR AMLA HAIR OIL
DAH2,DABUR ALMOND HAIR OIL
DAH5,DABUR ALMOND HAIR OIL
DAH8,DABUR ALMOND HAIR OIL
DB11,DOVE BAR 75GM
DB2,DOVE BAR 75GM*3
DB3,DABUR BABOOL
DB8,PEDAL BIN 1009*225
DBC3,DENVER BLACK CODE PERFUME
DBG1,DOVE BW GENTLE EXFOLIATING
DBP1,DABUR BABOOL PASTE 175 GM
DBS1,DOVE BABY SOAP RICH MOIST
DBW1,DOVE BODY WASH DEEP MOISTURE
DBW2,DOVE BODY WASH REFRESHING GREEN TEA &CUC
DC2,DOVE CONDITIONER
DC3,DOVE CONDITIONER DRYNESS CARE
DC8,DERMI COOL 150GM
DCC1,DARK CHOCOLATE CON
DCF2,DUKES CREME 4 FUN ORANGE
DCS1,DETTOL COOL SOAP
DD3,DHANIYA DAL 50GM
DDC1,DOVE DRYNESS CARE CON.
DDC13,DOVE DRYNESS CARE CONDITIONER TUBE
DDC2,DOVE DRYNESS CARE SHAMPOO
DDC3,DOVE DRY CARE SHAMPOO
DDC4,DOVE DRYN C SHAMPOO
DDC5,DENVER DEO CALIBER
DDC6,DUKES DIGESTIVE COMBO
DDR1,DENVER DEO RIDER
DDS1,DOVE DAILY SHINE SHAMPOO
DDS14,DENVER DEO SRKMAESTRO
DDS3,DOVE DAILY S CONDITIONER
DDS4,DOVE DAILY SHINE SHAMPOO
DDS8,DOVE DAILY SHINE CONDITIONER
DF1,DOMEX FLOOR 500ML
DFC1,DOMEX FLOOR CLEANER
DFG1,DOMEX FRESH GUARD LIME FRESH 500ML
DFG2,DOMEX FRESH GUARD OCEAN FRESH 500ML
DFM1,DOVE FRESH MOISTURE SOAP
DG1,DALWA 250 GM
DG2,DALWA 500 GM
DG3,DAGADFUL 50 GM
DG4,DALCHINI 50 GM
DG6,DOUBLEMINT GUM
DH1,DABUR HONEY
DH2,DABUR HONEY 50GM
DH3,DENVER HAMILTON IMPERIAL
DHB1,DETTOL HANDWASH BOTTOL
DHF1,DOVE HAIR F CONDITIONER
DHF2,DOVE HAIR FALL RESCUE CONDITIONER
DHF3,DOVE HAIR F RESCUE SHAMPOOO
DHF4,DOVE HAIR F RESCUE SHAMPOO
DHF6,DOVE HAIR FALL RESCUE SHAMPOO 180ML
DHM1,MUG MELODY DISNEY
DHP1,DETTOL HANDWASH POUCH
DHP2,DETTOL HANDWASH SENSITIVE POUCH
DHP3,DETTOL HANDWASH SKINCARE
DHP4,DENVER HAMILTON PERFUME
DHR7,DOVE HAIRFALL RESCUE CONDITIONER TUBE
DI1,DENVER IMPERIAL
DIR1,DOVE INT REPAIR CONDITIONER
DIR10,DOVE INTENSE REPAIR BIO PROTEIN SHAMPOO
DIR14,DOVE INT REPAIR CONDITIONER TUBE
DIR2,DOVE INTENSE REPAIR SHAMPOO
DIR3,DOVE INT REPAIR SHAMPOO
DIR4,DOVE INT REPAIR SHAMPOO
DIR5,DOVE INTENSE REPAIR CONDITIONER
DIR6,DOVE INTENSE REPAIR SHAMPOO + CONDITIONE
DK3,DELUXE KISMIS 250GM
DLD1,DABUR LAL DANT MANJAN
DM3,DAIRY MILK
DMG1,DABUR MESWAK 100 GM
DMG2,DABUR MESWAK 200 GM
DMK1,DOLPHIN MULTI KADAI
DML1,DAIRY MILK LICKABLE
DMP2,DABUR MESWAK PASTE 300GM
DNB2,DOVE NOURISHING BODY WASH
DNC1,DUKES NICE COMBI
DNF1,DORITOSE NACHO F.
DNP1,DAILY NUTS PISTA
DO2,DETTOL ORIGINAL 5N
DOH1,DETTOL ORL HANDWASH [POU]
DOL1,DETTOL ORIGNAL LIQUID HANDWASH
DOS1,DETTOL ANTISEPTIC 550ML
DOS2,DETTOL ORIGINAL SOAP PACK 4*60
DP1,DRIED PINEAPPLE
DP4,20-20 PISTA DIVINE
DPB1,PEDAL BIN 1006*85
DPG1,DAMRU PLAN GLASS
DPR1,DABUR PASTE RED NEW
DPV1,DENVER PERFUM VICTOR SPORTING CLUB WHITE
DRH1,DISNEY ROUND HANGERV HOOK
DRP1,DABUR RED PASTE
DRP2,DABUR RED PASTE
DRP3,DABUR RED PASTE 500GM
DRP6,DABUR RED PASTE 2*200
DS5,DOVE SOAP
DS6,DOVE SOAP 5N
DS7,DOVE SHAMPOO
DSA1,DOVE SHAMPOO ANTI DANDRUFF 2RS
DSC1,DORITOS SWEET CHILLY
DSC3,DENEVER SPORTS CLUB
DSF1,DOVE SOAP FRESH MOIST 6N
DSH2,DOVE SHAMPOO HAIR FALL R
DSH4,DETTOL SENSITIVE HW PUMP
DSP1,DOVE SOAP PINK /ROSA
DSP2,DOVE SOAP PINK 3N
DSP3,DOVE SOAP PINK 4+1
DSS3,DETTOL SKINCARE SOAP
DT1,DOMEX TOILET CLEANER
DTB5,DENVER TALC BLACK CODE
DTC2,DOMEX TOILET CLEANER LIME FRESH
DTO1,DOMEX TOILET OCEAN FRESH
DTO2,DOMEX TOILET CLEANER LIME
DTO3,DOMEX TOILET CLEANER 1LTR
DUD1,DUKES UTSAV DANISH BUTTER COOKIES
DWC1,DUKES WAFFY CHOCOLATE
DWO1,DUKES WAFFY ORANGE
DWP2,DUKES WAFFY PINEAPPLE
DWR1,DUKES W ROLL CHOCOLATE
DWR2,DUKES W ROLL STRAWBERRY
DWS1,DUKES WAFFY STRAWBERRY
DWV1,DUKES WAFFY VANILLA
DXP1,DOMS X1 PENCILS
E10,EVEREST SHAI BIRYANI MASALA
E13,ECLAIRS DUKES
E7,ENERZAL 500ML
E8,EARBUDS
E9,EVEREST SAFFRON 1GM
EB1,EVA BOTTLE 1PC
ECB1,EVEREST CHICKEN BIRAYANI MASALA
ECB2,EVE CHICKEN BIRYANI
ECP1,EVEREST CORIANDER POWDER(DHANIYA)
ECP2,EVEREST CORIANDER POWDER(DHANIYA)
ECS1,EVA COOL SPLASH TALC
ED2,ENVY DEO DARK
ED3,ENVY DEO ARNOLD
ED4,ENVY DEO RUSH
EDB2,EVEREADY DL-42 BATTERY LIGHT TORCH
EDB3,ENGAGE DEO BLUSH
EDG1,ENVY DEO GRAVITY
EFC2,ECO FLOOR CLEANER 5LTR
EGG1,EVERYUTH GOLDEN G PEEL OFF MASK
EGM1,EVEREST SUPER GARAM MASALA
EGP1,EVEREST GINGER GARLIC PASTE
EGP2,EVEREST GINGER GARLIC PASTE 200GM
EK5,EVEREST KASHMIRI LAL
EK6,EVEREST KITCHEN KING MASALA 50GM
EK7,EVEREST KASHMIRI LAL 50GM
EKK2,EMAMI KESH KING SHAMPOO 80ML
EKL1,EVEREST KANDA LASUN
EKM1,EVEREST KESARI MILK MASALA
EKM2,EVEREST KESARI MILK MASALA 20G
EL1,ENO LEMON
EL2,ENO LEMON
ELW1,EVEREADY LED 12 W
EM1,EVEREST MEAT MASALA
EM10,EVEREST PAVBHAJI MASALA
EM11,EVEREST CHHOLE MASALA
EM12,EVEREST AMCHOOR POWDER
EM13,EVEREST SABJI MASALA 50GM
EM14,EVEREST CHAT MASALA
EM2,EVEREST SAMBHAR MASALA
EM3,EVEREST MEAT MASALA 100
EM4,EVEREST MEAT MASALA 50
EM5,EVEREST PAV BHAJI MASALA
EM6,EVEREST SAMBHAR MASALA 100
EM7,EVEREST SAMBHAR MASALA 50
EM8,EVEREST TEA MASALA 50GM
EM9,EVEREST GARAM MASALA 50GM
EMM1,EURO MAST MASALA CHIPS
EP1,EVEREST JALJIRA POWDER
EPD1,ENVY PASSION DEO SPRAY
EPM1,EVEREST PANI PURI MASALA
EPM2,EVEREST SHAHI PANEER
EPP1,EVEREST PALAK PANEER MIX
ER2,ENO REGULAR
ES1,EVEREST SAFFROM 0.5
ESB1,ENERGY SCHOOL BAG 38 NO
ESB2,EVEREST SHAHI BIRYANI MASALA
ESB3,EMAMI SOYABEAN OIL JAR
ESB4,EVEREST SHAHI BIRYANI MASALA 25GM
ESM1,EVEREST SABJI MASALA
ESO2,EMAMI SOYABEAN OIL JAR
ET2,EVEREST THIKALAL
ET3,EVEREST THIKALAL
ETM1,EVEREST TEA MASALA 100GM
ETP1,EVEREST TURMERIC POWDER(HALDI)
EWS1,EVERYUTH WALNUT SCRUB
F11,FRESHWRAPP 9MTR
F13,FRESHWRAPP
F14,FROOTI
FAF2,FRESHNR AIR FRESHNER CITRUS
FC6,FLAV CHANA 500GM
FCP2,FLAIR CORRECTION PEN CP250
FD2,FLAVOURED DRYFRUIT
FD3,FENA DET.POWDER
FD5,FLAVORED DALWA
FDA1,FOGG DEO ABSOLUTE BLACK
FE1,FOGG EXTREME 150ML
FF1,FAIR &LOVELY FACEWASH
FF2,FRESHKA FINEL 1L
FF3,FRESHKA FINEL 5L
FF5,FLAV FUTANA 200GM
FFW1,FAIR&LOVELY FACE WASH
FGB2,FIAMA GEL BAR
FGF1,FALERO GUAVA FRUIT BAR
FGP1,FR GINGER GARLIC PASTE
FGP2,FROZEN GREEN PEAS
FJ2,FRU JELLY
FJJ1,FRU JUICY JELLY
FJS1,FAB JAM-IN STRAWBERRY
FKC1,FIESTA KABULI CHANA
FLA1,FAIR & LOVELY AYURVEDIC CREAM 25GM
FLG1,GLOW N LOVELY CREAM 110GM
FLM1,FAIR & LOVELY MENS FACEWASH 100GM
FLM2,FAIR & LOVELY MENS GLOW & HANDSOME CREAM
FLM3,FAIR & LOVELY MENS GLOW & HANDSOME CREAM
FLM4,FAIR & LOVELY  MENS FACEWASH 50GM
FM1,FARSAN MURLI
FM2,FARSAN  MURLI 500
FMR1,FENA MAHABAR RS10
FNB1,FRUITS N BERRIES
FND1,FOGG NAPOLEON DEO
FO2,FANTA ORANGE 250ML
FOF1,FANTA ORANGE FLVR
FOO1,FIGARO OLIVE OIL
FP1,FENA POWDER 5KG
FP3,FENA POWDER 3KG
FP7,FROZEN PEAS 500GM
FPD2,FOGG PARADISE DEO
FPF1,FINOSTA PASTA FUSILLI 500GM
FPM1,FINOSTA PASTA MACRONI 500GM
FPP1,FINOSTA PASTA PENNE
FRD1,FOGG ROYAL DEO
FRG1,FOOD RITE GINGER & GARLIC PASTE
FSS1,SOYA SAUCE
FTB2,FUN TRICK WRITE BOARD
FTK1,FR TOMATO KETCHUP
G12,GODAMBI 100GM
G4,GONAYALE
G5,GUL 1KG
G7,GUL 500GM
G8,GUL 10KG
GA2,GURU ANJEER 250GM
GAL1,GODREJ AER LAVENDER BLOOM
GAP1,GODREJ AER POCKET TANGY 10GM
GB7,GLUCOVITA BOLT
GB8,GOODDAY CASHEW COOKIES 20/25RS.
GBB1,GRN 3.0 B BROWN SHAMPOO HAIR COLOUR
GBC1,GARNIER BRIGHT COMPLETE SERUM CREAM 23GM
GBC2,GARNIER BRIGHT COMPLETE FACE WASH VITAMI
GBF2,GARNIER VITAMIN B SERUM
GBS1,GLUCOVITA BOLT STRWBRY FLV
GBW2,GAGAN BANANA WAFFERS
GBW3,GAGAN BANANA WAFFERS 200GM
GC1,GASLINE CHURAN
GCG1,GOPAL CHAMPAKLALI GATHIYA
GCN1,GRN CLR NTRL 4.0 BROWN
GD1,GHADI DET.CAKE
GD2,GHADI DET.CAKE
GD4,GUGGAL DHOOP
GF1,GILLETTE FOAM
GFA1,GAGAN FARALI ALOO
GFM1,GAR FW MEN TURBO BRIGHT
GFS3,GARNIER FACE SERUM 15ML
GFW1,GARNIER FACE WASH ANTI PIMPLE ACNO FIGHT
GFW2,GARNIER FACE WASH OIL CLEAR
GGB1,GILLETE GUARD BLADE
GGB2,GILLETE GUARD BLADE
GGB3,GILLETE GUARD BLADE
GGB4,GOWARDHAN GULABJAMUN BOX
GGC1,GOWARDHAN GHEE CM
GGC2,GOWARDHAN GHEE CM
GGC3,GOWARDHAN GHEE 200ML
GGF1,GK GOLD FLASH REFILL LAVENDER 1N
GGG1,GS GOLD GROUNDNUT OIL
GGO1,GS GROUNDNUT OIL .
GGP1,GILLETE GUARD PLATINUM
GGS1,GILLETTE GUARD SHAVING CREAM 25GM
GJ2,GOLD JAGGERY
GJ4,GIJARO JAR 2PCS
GKF1,G KNIGHT FAST CARD
GKG3,GOOD KNIGHT GOLD FLASH LIQUID
GKK1,GANESH KHOBRA KIS 200
GKK2,GANESH KHOBRA KIS 500
GKL1,G KNIGHT LIQUID LAVENDER 2 REFILL PACK
GKP3,GOLDEX BREEZE GEL PEN
GKP4,GANPATI KUMKUM POWDER 20G
GL4,CINTHOL LIME 3*125
GLA1,GREEN LEAF ALMONDS
GLA5,GREEN LEAF ANJEER GOLD
GLB3,GREEN LEAF BLACK RAISINS
GLC1,GREEN LEAF CASHEW
GLF1,GAGAN LASUN FARSAN
GLW1,GREEN LEAF WALNUT
GM1,GANAPATI MEHANDI
GM3,GILL MACH 3
GM4,GANPATI MEHNDI
GMA2,GRN MEN ACNOF PIMPLE C FACE WASH
GMA3,GRN MEN ACNO F FACE WASH
GMF1,GRN MENS FW ACNO FIGHT
GMF2,GRN MENS FW OIL CLEAR
GMF3,GODREJ MAGIC FLOOR CLEANER
GMO1,GEMINI MUSTARD OIL
GMP1,GREEN MANGO PICKLE
GMP2,GREEN MANGO PICKLE 500GM
GMP3,GRN MEN P LIGHT OILCLEAR FACEWASH
GMR2,GOODKNIGHT MINI REFIL
GMS1,GAGAN MIXTURE SPECIAL
GMT1,GARNIER MEN TURBO BRIGTH FACE WASH 50GM
GMT2,GARNIER MEN TURBO BRIGTH FACE WASH DUO F
GMT3,GARNIER MEN TURBO BRIGTH FACE WASH 50GM
GN3,GOPAL FARALI CHIWDA 500GM
GNB4,GRN 1.0 N BLACK SHAMPOO COLOUR
GNB5,GRN 3.16 N BURGUNDY B N POUCH
GNB6,GRN 3.0 N BLACK CREAM HAIR
GNB7,GRN 1 N BLACK COLOUR N CREAM
GNB8,GRN 3.16 N BURGUNDY COLOUR 99RS
GNG1,GOOD NIGHT GOLD FLASH PACK OF 2
GNH1,GLOW N HANDSOME FACEWASH
GNL1,GLOW N LOVELY CREAM
GNL2,GLOW N LOVELY CREAM 50GM
GNL28,GLOW N LOVELY WINTER BRIGHT 25GM
GNL3,GLOW N LV AYUR CREAM
GNL4,GLOW N LV BB CREAM
GNL5,GODREJ NO-1 LIME ALOVERA
GNL8,GLOW N LOVELY BRIGHT FACEWASH
GNM2,GOPAL NADIYADI MIX 200
GNM3,GODREJ NUPUR MEHENDI HEENA
GNS1,GODREJ NO-1 SANDAL
GO1,GROUNDNUT OIL 500ML
GO2,GROUNDNUT OIL 15KG
GOC1,GARNIER MEN OIL CLEAR FACEWASH
GP1,GHADI POWDER
GP2,GHADI POWDER
GP3,GHADI POWDER
GP4,GABUJI PAN
GPC2,GOOD DAY PISTA BADAM
GRP1,GALLANI RAMAYAN POUCH
GRS1,GEMINI REFIND SUNFLOWER OIL
GS2,GHADI DET. CAKE 92RS.
GSC1,GILLETTE SHAVING CREAM
GSC2,GILL SHAVING CRM LIME
GSG1,GILL SHAVING GEL SS
GSG2,GILLETTE SHAVE GEL MOISTURIZING 60G
GSL1,GILL SC LIME
GSO1,GEMINI SOYABEAN OIL TIN
GSR1,GILL SC REGULAR
GSS2,GODREJ SHIKAKAI SOAE 75GM
GTM2,GOPAL TIKHA MITHA MIX 200GM
GTM3,GOPAL TIKHA MITHA MIX
GV1,GILL VECTOR+
GV3,GILLETE VECTOR +
GVC1,GILLETTE VECTOR CART 6N
GVC2,GILLETTE VECTOR+ CART 4N
GVR1,GILLETTE VECTOR+ RAZOR
GVS1,GILL VENUS SIMPLY
GWB1,GILL WILKINSON BLADE PKT
H1,HORLICKS 25RS
H13,HORLICKS 500GM
H2,HALKUND 100GM
H3,HALKUND 50GM
HAB1,HD ALOO BHUJIA
HAB2,HALDIRAMS ALOO BHUJIA 220GM
HAB3,HALDIRAMS BHUJIA  200GM
HAB4,HD ALOO BHUJIA
HAB5,HIMALAYA ALOE BODY LOTION
HAB6,HIM ALOE&CUCUM BODY LOTION
HAD1,HIMALYA ANTI DANDRUFF SHAMPOO
HAG1,HIMALAYA AYURVEDA TOOTHPASTE
HAH1,HIMALAYA ANTI HAIRFALL SHAMPOO 340ML
HAM1,HERSHEYS ALMOND MILK SHAKE
HAV1,HIMALAYA ALOE VERA FACIAL WIPES
HB2,HEERA BESAN
HB3,HEERA BESAN
HB4,HARPIC BLUE 5LTR
HBA1,HIM  ALOE & CUCUMBER BODY LOTION
HBC1,HARPIC BATHROOM CLEN RED
HBC3,HIMALAYA BABY CREEAM
HBC4,HARPIC B CLEANER RED NEW
HBC7,HIMALAYA BABY CREAM 100ML
HBC8,HARPIC B CLEANER RED NEW LEMON
HBC9,HIMALAYA BABY CREAM 50ML
HBF1,HARPIC B.CLEAN RED
HBG2,HIMALAYA BABY WIPES 48RS.
HBL2,HARPIC BATHROOM CLEANER
HBL3,HIMALAYA BABY LOTION 100ML
HBL5,HIMALAYA COCOA INTENSE BODY LOTION
HBL7,HIMALAYA NOURISHING BODY LOTION
HBM1,HIMALAYA BABY MASSAGE OIL
HBO1,HIMALAYA BABY MASSAGE OIL 100ML
HBP1,HIMALAYA BABY POWDER
HBP2,HIMALAYA BABY POWDER 55RS.
HBP3,HIMALAYA BABY POWDER 100GM
HBP4,HIMALAYA BABY POWDER 200GM
HBS11,HD BHUJIA SEV 1KG
HBS12,HIMALAYA BABY SHAMPOO 200ML
HBS13,HIM BABY SOAP ALOE&MILK
HBS2,HALDIRAMS BHUJIA SEV 400GM
HBS3,HD BHUJIA SEV
HBS4,HIMALAYA BABY SHAMPOO
HBS7,HIMALAYA BABY SOAP 42RS
HBS8,HALDIRAM BHUJIA SEV 600GM
HC3,HANDY CHOPPER
HC8,HING CHANA NATURAL NUTS
HCB1,HD CHIKKI BAR
HCB3,HIMALAYA COCOA B INTENSIVE LOTION
HCB5,HAWKINS CONTURAQ BLACK 3LTR
HCB6,HAWKINS CONTURA BLACK 5LTR
HCC2,HAVMOR CLASSIC CHOCOBAR
HCF1,COMFORT FAB BLUE 430ML
HCI1,HAVMOR COOKIE ICE CREAM
HCJ1,HORLICKS CHOCOLATE JAR 200GM
HCJ3,HORLICKS CHOCO JAR
HCJ5,HELLMANNS CHESSY JALAPENO MAYO
HCM1,H&S COOL MENTHOL SHAMPOO
HCP1,COMFORT FABRIC PINK 860ML
HCV1,HAVMOR CHOCO VANILA  CON
HDC1,HL DOVE CARE PROTECT BATHING BAR
HDC5,HARI DARSHAN CHANDAN TIKA 40GM KESAR
HDS1,HEAD N SHOULDERS ANTI DANDRUFF
HFC1,HD FALHARI CHIWDA 400
HFC2,HD FALHARI CHIWDA
HFW1,HIMALAYA ALOE VERA FACW WASH 100ML
HG1,HING GOLI
HG2,HD GULABJAMUN
HGB1,HIMALAYA GENTLE BABY WIPES 99RS.
HGB3,HIMALAYA GENTLE BABY SHAMPOO 50ML
HGE1,HIMALAYA GENTLE EX. WALNUT SCRUB
HGH1,HIMALAYA ALOEVERA FACEWASH
HGJ1,HD GULAB JAMUN
HH5,APIS HIMALAYA HONEY 1KG
HH6,APIS HIMALAYA HONEY 500GM
HHA1,HAPPY HAPPY ATTA
HHF1,HALDIRAM HALKE FULKE SALTED
HHF2,HD HALKA FULKE SALTED P CHIPS
HHN1,HIMALYA HERBALS NEEM FACE WASH
HHN2,HIMALAYA HERBALA NEEM FACE WASH
HHN3,HIMALYA HERBALS NEEM FACE WASH 20RS
HHT2,HAWKINS HA TAWA 28CM 4.8MM AT28
HIC2,HAVMOR ICE CREAM FRUIT PUNCH
HIM3,HIMALAYA COCOA B INTENSIVE LOTION 200ML
HJS1,HECTOR JEERA SODA
HKA3,HALDIRAM KESAR ANGURI 1KG
HKM1,HD KHATA MITHA NMK
HKM2,HD KHATTA MEETHA
HKM3,HD KHATTA MEETHA
HL1,HUGGIES L 2PC
HL8,HARPIC LEMON
HLB1,LUX BODY WASH SOFT SKIN
HLB2,HIMALAYA LIO BALM
HM2,HELLMANS MAYO
HM3,HD MIXTURE
HM4,HD MIXTURE
HM5,HD MURUKKU
HM6,HUGGIES M 2PC
HMC2,HELLMANN'S MAYO CREAME
HMC3,HELMAN MAYONNAISE CREAMY REFIL
HMC4,HAVMOR MAGIC CONE 1 PC
HMC5,HERSHEY'S MS CHOCOLATE
HMD2,HD MUNG DAL
HMD3,HALDIRAMS MOONG DAL 200GM
HMD5,HEM MOONG DAL1KG
HMD6,HEM MOONG DAL 500GM
HMD7,HALDIRAMS MOONG DAL 400GM
HMK1,HIMALAYA MINI KAJAL
HMS1,HERSHEYS MILK SHK BUTTERSCOTCH
HMS2,HERSHEYS MILK SHAKE STRAWBERRY
HMT2,HALDIRAM DIVINE DELIGHT
HN1,HAKKA NOODLES
HNB1,HIMALAYA NOURISHING BODY LOTION 200
HNF2,HIMALAYA NEEM FACEWASH 1+1
HNF3,HIMALAYA   NEEM    FACIAL WIPES
HNP1,HIMALAYA NEEM PURIFYING FW 200ML
HNS4,HAMAM NEEM  SOAP
HNS5,HIMALAYA NOURISHING BODY LOTION 400ML
HNS6,HIMALAYA NEEM FACE SCRUB
HP10,HIMALAYA NEEM FACE SCRUB 10R
HP2,HARPIC POWER 200ML
HP3,HARPIC POWER 500ML
HPC1,HD PHALHARI CHIWDA
HPC3,HALDIRAM PEANUT CHIKKI 30GM
HPH1,HIMALAYA PURE HANDS TULSI LEMON HANDWASH
HPL1,HUGGIES PANT L-9-14KG
HPM1,HD PANCHRATAN MIX
HPM4,HUGGIES PANTS M 7-12KG
HPO1,HARPIC POWER 10/10 ORIGINAL
HPO2,HIMALYA PEEL OF MASK ORANGE
HPP1,HARPIC POWER PLUS 900ML
HR2,HD RASGULLA
HR5,HIT RED 125ML
HRB1,HL RIN BIG BAR GATTU
HRC1,RIN POWDER 1 KG
HRR1,HAVMOR ROCKY ROAD CANDY
HRS1,HD RATLAMI SEV
HS10,HAMAM SOAP 150GM
HS16,HIMALAYA HAIR FALL CONTROL SHAMPOO 2RS
HS17,HIMALAYA DANDRUFF SHAMPOO 2RS
HS2,HIDE & SEEK
HS4,HIDE & SEEK MILANO CHOCO
HS5,HUGGIES S 2PC
HS9,HAMAM SOAP
HSA1,HEAD & SHOULDERS ANTI HAIRFALL SHAMPOO 7
HSA2,HIMALAYA AYURVEDA SOAP
HSA3,HEAD & SHOULDERS ANTI HAIRFALL SHAMPOO 1
HSA4,HIMALAYA SHAMPOO ANTI DANDRUFF 180ML
HSB3,HIT SPRAY BLACK 200 ML
HSC1,HIDE&SEEK STRAWBERRY COOKIES
HSC12,HAVMOR SWISS CHOCO BROWNIE
HSC14,HIDE & SEEK COFFEE
HSC5,HD SOAN CAKE
HSC9,HERSHEYS SYRUP CHOCOLATE
HSE1,HL SURF EXCEL QUICK WASH POWDER
HSE2,HL SURF EXCEL QUICK WASH POWDER
HSE3,SURF EXCEL MATIC POWDER FL
HSL1,H&S SHMP LF
HSL2,HEAD & SHOULDERS LEMON FRESH SHAMPOO
HSN1,HEAD & SHOULDERS NEEM SHAMPOO 72ML
HSN2,HEAD & SHOULDERS NEEM SHAMPOO 180ML
HSP1,HD SALTED PEANUTS
HSP2,HD SOAN PAPDI
HSP3,HD SOAN PAPADI
HSP6,HD SOAN PAPADI O
HSP7,HD SOAN PAPADI ELAICHI
HSS2,HD SOYA STICKS
HSS5,HEAD N SHOULDERS SHAMPOO COOL
HSS6,HEAD & SHOULDERS SILKY BLACK SHAMPOO 180
HSW1,HDR SWEET WONDER 1KG
HSW2,HIMALAYA SPARKLING WHITE TOOTHPASTE
HT1,HARPIC TOILET
HT3,BASIN BETTER HOME 45
HTC1,HD TAKATAK CHATPATA MASALA
HTN1,HD TASTY NUT
HW1,HERBAL WASH PATANJALI
HWB1,HAPPY WRITTING BOARD
I1,IODEX
I3,IMLI 250GM
IB1,IODEX BALM
IBO1,INDULEKHA BRINGHA OIL
IBO2,INDULEKHA BRINGHA OIL
IBO3,INDULEKHA BRINGHA OIL
IBO4,INDULEKHA SVETAKUTAJA OIL
IBR1,INDIA GATE BROWN RICE
IBS1,INDULEKHA BRINGHA SHAMPOO
IC1,HAVMOR ITALIAN CASATA CAKE
IDP1,IG DAILY PREMIUM 5KG
IDY1,PIK DRY YEAST
IE1,IG EVERYDAY
IFR1,IG FEAST ROZZANA 1KG
IG1,INDEPENDENCE GHEE 1LTR
IGB1,INDIA GATE BASMATI DUBAR RICE 1KG
IGB2,INDIA GATE BASMATI SELECT 1.2KG
IGB3,INDIA GATE BASMATI DUBAR 5KG
IGE1,INDIA GATE EVERYDAY
IGF1,INDIA GATE FEAST ROZZANA 5KG
IGT1,INDIA GATE TIBAR RICE
IM1,IDLI MIX
IR3,IDLI RAVA 1KG
IS1,INDULEKHA SHAMPOO
IS2,INDULEKHA SHAMPOO
IS3,INDULEKHA SHAMPOO
IS4,INDULEKHA SHAMPOO BRINGHA
J10,JAWAS 250GM
J11,JEERA 250GM
J17,JAR 12LTR
J3,JEERA 50GM
J4,JEERA 100G
J5,JEERA 200G
J6,JEERA 1KG
JAF1,JOY ALOE FACE WASH
JB1,J.B.HOME BUCKET 16LT
JBF3,JOY BRIGHTENING F/W
JBL2,JOY BODY LOTION HONEY ALMONDS
JBP2,JOHNSONS BABY POWDER
JBS9,JOHNSON BABY SOAP
JDP1,JANTA DHANIYA POWDER
JES1,COOL EASY SIP 750
JF2,JAR FLORA 500*87
JFK1,JOYO FOOD KEEPER2 PLAIN
JFU1,JOY FACEWASH UBTAN 50ML
JFV1,JOY VITAMIN C FACEWASH
JG1,JALJEERA GOLI
JG2,RORITO FAST GEL
JGC1,JOY GENTLE CARE FACE WASH APPLE
JGK1,JT GOLD KHAJOOR SEEDLESS
JHA1,JOY HONEY & ALMOND BODY LOTION 400ML
JHB1,JOY HONEY AND ALMOND LOTION
JHB2,JOY HONEY N ALMOND LOTION
JHB3,JOY SKIN FRUIT FRUIT MOISTURISING LOTION
JHB4,JOY H&ALMOND B LOTION
JHB5,JOY HONEY N ALMOND BODY LOTION
JHM1,J HANGER MODERN
JJP1,JIM JAM POPS
JOB1,JOYO OVAL BASKET BIG
JOC1,JOY OIL REMOVAL FACE WASH
JPA1,JOY PURE ALOE BODY LOTION
JPB1,JOYO PEDAL BIN PLAIN 1.8LTR
JPB2,JOYO PEDAL BIN SQUARE
JPB3,JOYO PEDAL BIN SQUARE 110
JPN1,JOY PURE NEEM FW
JPP1,J PANI PURI MAGIC TREAT
JPR1,JOYO PATLA RUF & TUF BIG
JRA1,PATLA RUF & TUF M
JRD1,JUMBO RASPBERRY DOLLY
JSB1,JOY SUN BLOCBLOCK LOTION
JSC1,SLEEK CONTAINER
JSD1,JOYO SOAP DISPENSER
JSF1,JOY FW SPOT AND TAN PAPAYA
JSF2,JOY SKIN FRUIT FW LEMON
JSF3,JOY SKIN FRUITS FACE WASH PAPAYA
JSM2,JEERA SODA MAAX 2LTR
K12,KITKAT 20 /-
K14,KHWI-EIZLITE-11/3-129/90
K15,KFEB-BEN10-5/10-80/60
K16,KFEB-BEN10-11/13-90/70
K17,KFEB-BEN10-3-100/80
K18,KEVA-CPIVOLVO-5/10-90/70
K19,KEVA-KUNGFU-5/10-85/75
K20,KEVA-KUNGFU-11/3-95/85
K21,KHWI-TKHAJUR-11/3-85/70
K22,KHWI-KHAJUR-5/10-65/60
K23,KHARIKH 1KG
K24,KIWI
K25,KHADISAKHAR 100GM
K26,KHADISAKHAR 50GM
K29,KHARIK 500GM
K41,KALANCHI 50
K52,KHADISAKHAR 250
K53,KHADISAKHAR 500GM
K70,KHAJUR 250GM
K72,KULIT 500GM
K9,SCISSOR 125*240
K93,KHASKHAS 50GM
KA1,KINGS ANJEER
KA3,KHARIK AN 1KG
KA4,KHARIK AN 500
KAH1,KESHKING ANTI HAIRFALL SHAMPOO
KB1,KAJU BOLD
KB2,KHARIKH BLACK
KB3,KRACKJACK BISCUITS
KB5,KRACKJACK BISCUITS
KBJ1,KIMIYA BOTTLE JAR
KBM1,KAPOOR BHIMSENI MANGALAM JAR
KBM2,KHANDESHI BAIGAN MASALA
KC11,KABULI CHANA 1KG
KC12,KABULI CHANA 500GM
KC15,KINDER CREAMY 19GM
KC18,KELLOGGS CHOCOS 385GM
KC19,KELLOGS CHOCOS 79RS
KC5,KPL COCO.OIL
KC6,KPL COCO.OIL
KCC2,KNORR CHINESE CHILLI GRAVY MIX
KCF1,KELLOGS CHOCO FILLS
KCF2,KELLOGS CHOCO FILLS NEW
KCK1,KISSAN CHOTU KETCHUP
KCM1,KNORR C MANCHURIAN GRAVY MIX
KCS1,KNR DARK SOYA SAUCE
KCS2,KNR RED CHILLI SAUCE
KCS4,KNR GREEN CHILLI SAUCE
KD3,KS DEO
KD4,KAJU DRAKSH
KD5,KAJU DRAKSH
KD6,KIMIA DATES
KFB1,KARACHI FRUIT BISCUITS
KFC1,CELLO FLOOR CLEANING CLOTH
KFO1,KELLOGS CORN FLAKES ORIGINAL
KFO2,KELLOGS CORN FLAKES 475GM
KFS1,KHASKAS FIVE STAR
KFS2,KHAJUR FALCON SEEDLESS
KFS4,KHASKAS FIVE STAR 20GM
KFT1,KISSAN F TOMATO KETCHUP
KG3,KIMIA GOLD
KGG1,KIRTI GOLD GROUNDNUT OIL 500ML
KGS1,KIRTI GOLD SUNFLOWER OIL JAR
KJ2,KINDER JOY HARRY POTTER
KJB1,KINDER JOY BOYS
KJB4,KRACK JACK BISC
KJB5,KRACK JACK BISCUIT 700GM
KJG1,KINDER JOY GIRLS
KJJ1,KRACK JACK JEERA 10
KJM1,KSN JAM MIX FRUIT
KK1,KIT KAT
KK3,KALPI KHADISAKHAR
KK4,KALPI KHADISAKHAR 50GM
KK7,KAJU KANI 500
KK8,KALPI KHADISAKHAR 250GM
KKC1,KIT KAT CADBURY
KKO1,KESH KING OIL 100ML
KKS1,KESH KING SHAMPOO
KKS2,KESH KING SHAMPOO D R
KKT1,KSN KETCHUP TMT
KKW1,KAJU KRISHIVAL W180 PACKING
KM2,KALYANI MUKHASHUDDHI
KMF1,KISSAN MIX F JAM
KMF2,KISSAN MIX F JAM
KMI1,KEKAR MALTI ICE CREAM CUP
KMJ1,KISSAN MANGO JAM 200GM
KMM1,KURKURE MASALA MUNCH
KNP1,KING NUTS PISTA
KOB1,KARACHI OSMANIA BISCUIT
KP3,KHASTA PURI
KP5,KESAR PISTA FAMILY PACK
KPB2,KSN PEANUT BUTTER
KPB3,KSN PEANUT BUTTER
KPB4,KSN PEANUT BUTTER CRUNCHY
KPB5,KISSAN PEANUT BUTTER CREAMY JAR
KPC1,KESAR PISTA CONE
KPC4,KESAR PISTA CUP
KPP1,KNR PIZA PASTA SAUCE
KPP4,KEYA PENNE PASTA
KPY1,KURKURE PUFFCORN YC
KR1,KITKAT RS30
KRB1,KRISHNA RICE BRAN OIL 1LTR
KS1,KANGARU STAPLER 10
KS3,KURKURE SM
KSB1,24 KARAT SOYA BADI 200GM
KSB2,24 KARAT SOYA BADI 1KG
KSB3,KHANDESHI SHEV BHAJI MASALA
KSC1,KSN SAUCE CHILLI TMT
KSC2,KPL SHUDHI COCONUT OIL
KSH2,KNORR SOUP HOT &SOUR VEG
KSH3,KNR SOUP HOT N SOUR
KSI2,KNR SOUP ITALIAN MUSHROOM
KSM1,KNR SOUP MANCHOW
KSM3,KNR SOUP MANCHOW
KSM6,KMC SPECIAL MUSTARD OIL 500ML
KSN1,KSN SAUCE NO ONION NO GARLIC
KSN2,KNR SOUPY NOODLES 4 PK
KSN4,KAJU SALTED NAMKEEN
KSP1,KANISHK SUGAR POWDER
KSP2,KANISHK SUGAR POWDER 1 KG
KSP4,KANGARO STAPLER PIN
KSS2,KNR SCHEZWAN SAUCE
KSS3,KNR SOUP SWEET CORN
KSS5,KNORR SOUP SWEET CORN CHICKEN
KSS6,KNR SOUP SWEET CORN
KSS7,KLNO STAINLESS STEEL SCRUB CELLO
KST1,KNR SOUP THICK TOMATO
KST2,KNR SOUP THICK TOMATO 10RS
KW4,KINLEY WATER BOTTLE
KY1,KHARIKH YELLOW
L10,LHWI-TMUSKAN-5/8-112/90
L12,LAGNI 50GM
L3,LFEB-LOTUSORTHO-5/8-129/100
L43,LAGNI 100GM
L5,LCPL-LPUPRO-5/8-199/170
L6,LEVA-TFLATFLOWER-5/8-167/120
L7,LHWI-TIMLY-5/8-97/80
L71,LAVANG 20GM
L8,LHWI-TEXPRESS-5-132/100
L9,LHWI-TMAHAK-5/8-105/90
LA1,LIA CHANDANAM
LAS1,LAYS AMERICAN SCO
LAS2,LAYS AMERICAN SCO
LBC2,LAY BHARI CHANA
LBN1,LAKME BLUSH N GLOW VIT C FW
LBP1,LIFE BOUY PACK OF 4 SOAP
LBV2,LUX BODY WASH MAGICAL ORCHID
LBW1,LIRIL BODY WASH
LBW3,LUX BODY WASH ROSE &ALMOND SOFT SKIN
LC4,LAXMI CHANA
LC6,LIZOL CITRUS 3IN1
LCC1,LAXMINARAYAN CORNFLAKES CHIWDA 250GM
LCC2,LIZOL CLEANER CITRUS 1LITR
LCF1,LIZOL CLEANER FLORAL 1LITR
LCM1,LIRIL COOLING MINT BODY WASH
LCS1,LAYS CLASSIC SALTED
LCS3,LAYS CLASSIC SALTED
LCW2,LUX CREAMY WHITE INTERNATIONAL
LD1,LOBAN DHOOP
LD2,LAXMI DHANADAL 50GM
LDF1,LIZOL DSC FLORAL CITRIC
LDF2,LIZOL FLORAL PINK
LDF3,LIZOL DSC FLORAL FLORAL PINK
LDF4,LIZOL DSC FLORAL LEVENDAR
LF1,LIZOL FLORAL
LF2,LIA FLORESS
LFC1,LEOLI FLOOR CLEANER 1L
LFP1,LAKME FW PEACH
LFP2,LAKME FW LEMON
LFP3,LAKME STRAWBERRY FACEWASH
LFR1,LOREAL FALL REP ANTI H F SHAMPOO
LFT1,LAMSA FLAVOURED TEA
LG2,LIMBUSATVA GT
LG3,LUDO GAME
LG4,LIZOL 200ML GREEN
LGL1,LIPTON GREENTEA LEMONGRASS GINGER
LGP1,LIPTON GREENTEA PURE& LIGHT
LGT1,LIPTON GREEN HONEY LEMON
LGT2,LIPTON GREEN TEA HANEY LEMON
LGT3,LIPTON GREEN TEA PURE & LIGHT 100G
LGT4,LIPTON GREEN TEA SIPNDIGEST
LGT7,LIPTON GREEN TEA HONEY LEMON
LGT9,LIPTON G TEA RASPBERRY MINT
LHB1,LADIES HAND BAG
LHT1,LIFE BOUY HANDWASH 190+185
LHT2,LIFEBUOY HANDWASH TOTAL 80ML
LHT4,LIFEBUOY HANDWASH BOTTLE + REFILL
LHW1,LUX HAND WASH 750ML
LIM1,LAYS INDIAS MAGIC MASALA
LJ1,LIA JAS
LK1,LUXURY KISMIS
LK2,LUXURY KISMIS 500GM
LKC1,LAKME KIWI CRUSH FW
LLA1,LIFEBUOY LEMON ALEO FRESH
LLC1,LN LITE CHIWDA
LLF1,LIFEBUOY LEMON FRESH PACK OF 7
LLS1,LIRIL MINT SOAP 4 N
LLT2,LIRIL LIME & TEA TREE OIL
LLT3,LIRIL LIME & TEA SOAP
LM1,LIRIL MINT
LM2,LAKME MASK LEMON
LM5,LAKME MASK BRIGHTENING
LMA1,LAKME MASK ANTI-AGING
LMK1,LAKME MASK KIWI
LMP1,LAKME MASK POMEGRANATE
LMS1,LAKME MASK STRAWBERRY
LMW1,LAKME MASK WATERMELON
LN5,LION NO.5
LN6,LION NO.5
LN7,LION NO.5
LN8,LION NO.5
LP1,LASUN PAPAD 500GM
LP2,LAVANG PACKING 50GM
LP3,LAVANG PACKING 100GM
LPC1,LN POTATO CHIWDA
LPM2,LAKME PEACH MILK 25GM
LPM3,LAKME PEACH MILK 50GM
LPM5,LAKME PEACH MILK ULTRA LIGHT GEL
LPM6,LAKME PEACH MILK ULTRA LIGHT GEL 50GM
LPR1,LIA PRIME ROSE
LPT1,LIA PINEAPPLE TWINRL
LPU2,LAKME PEACH ULTRA GEL
LR1,LIA RAINBOW
LR4,LAL RAJMA 500
LS1,LAYS MASALA MAGIC
LSA1,LIZOL SHAKTI AQUA FRESH
LSE2,LAKME SUN EXPERT LOTION SPF24 PA++ 50ML
LSI1,LUX SOAP INTERNATIONAL
LSL1,LIRIL SOAP PACK OF 6
LSM1,HALDIRAM GATHIYA
LSS1,LUX SOAP ROSE
LSS7,LAKME SUNEXPERT SPF 30
LSS9,LAKME SUNEXPERT SPF 50
LST1,LAYS SPANISH T TANGO
LSV1,LUX SOAP VT
LSV2,LUX SOAP FLAWLESS GLOW
LSV3,LUX SOAP JASMINE
LTR1,LOREAL TOTAL REPAIR SHAMPOO
LTR2,LOREAL TOTAL REPAIR SHAMPOO
LTR3,LOREAL TOTAL REPAIR SHAMPOO
LU1,LIJJAT UDAD
LWS1,LAYS WAFER STYLE SALT & PEPPR 52GM
M10,MEVA-EG406-7/9-139/100
M108,MEDIMIX 1P
M11,MEVA-EG403-7/9-139/100
M12,MEVA-EG401-7/9-139/100
M13,MEVA-EG1500-7/9-139/120
M14,MEVA-EG405-7/9-139/100
M15,MEVA-EG402-7/9-139/100
M16,MEVA-APL247-7/9-349/320
M160,MAAZA 600ML
M162,MAKKA 500GM
M21,MASSOR 500GM
M22,MUKHWAS
M23,MAKKA 250GM
M234,MIRA 20GM
M24,MAGAJ 100GM
M25,MAGAJ 250GM
M29,MIRA 250GM
M42,MOHRI 250GM
M43,METHI 250GM
M44,MAGAJ 50GM
M5,MVCPL-AGD-LUNA-7/-249/200
M62,MAAZA TETRAPACK
M72,MAAZA 1LITR
M8,MEVA-CPIBOSS-7-9-199/130
M81,M-SEAL
M82,MIRA 25GM
MA2,MUM ALMONDS 500GM
MA3,MUM ALMONDS 250GM
MAN1,MAGGI AATA NOODLES
MAP2,MASTER ALU. POPULAR COOKER 3LIT
MAP3,MASTER ALU. POPULAR COOKER 2LIT
MAS1,MEDIMIX AYURVEDIC SOAP (4+1)
MB10,MUM BAJJA 100GM
MB11,MUM BAJJA 50GM
MB8,MUM BADAM 250GM
MB9,MUM BADAM 500GM
MBC1,MANGALAM BHIMSENI CAMPHOR JAR 100 GM
MBC2,MANGALAM BHIMSENI CAMPHOR JAR 250 GM
MBE1,MONEY BANK ELEPHANT MEDIUM
MBF1,MAVA BADAM FAMILY PACK
MBJ1,MANGALAM BHIMSENI JAR 500GM
MBP1,MONEY BANK PIGGY SMALL
MC13,MONACO CLASSIC
MC17,MALKIST CHEESE 30RS
MC2,MELODY CHOCLATE
MC3,MRS.SZECHUAN CHUTNEY
MC4,MRS.SZECHUAN CHUTNEY
MC5,MAKHANA CHEESE 100G
MC6,MAGIC CHANA
MC8,MONACO CLASSIC
MC9,MONACO CLASSIC
MCF1,MILANO CHOCO FILLS
MCF4,MUM CASHEW FLAVOURED 100GM
MCF5,MUM CASHEW FLAVOURED 50
MCF6,MUM CASHEW FW 500GM
MCF7,MUM CASHEW FW 250
MCF8,MAMAEARTH CHARCOAL FACE WASH
MCG1,MAKHANA CHESSY GARLIC
MCJ1,MANGALAM CAMPHOR JAR 20 GM
MCJ2,MANGALAM CAMPHOR JAR 50 GM
MCJ3,MANGALAM CAMPHOR JAR 100 GM
MCT1,MUM CASHEW TUKDA 500
MCW2,MUM CASHEW W320 500GM
MCW3,MUM CASHEW W320 250GM
MD10,MOONG DALL 1KG
MD11,MOONG DALL 500GM
MD14,MUM DALCHINI 100GM
MD15,MUM DAGADFUL 100GM
MD16,MUM DAGADFUL 50GM
MD18,MOHRI DAL 250
MD19,MOHRI DAL 500GM
MD4,MASOOR DAL 1KG
MD5,MAT DAL 500
MD6,MAX DEO
MD8,MAGIC DHOOP
MDG1,MASOOR DAL 500 GM
MDK1,MAT DAL 1 KG
MDK2,MANGO DOLLY HAVMOR
ME3,MASALA ELAICHI 50GM
ME4,MUM ELAICHI 25GM
ME5,MUM ELAICHI 50GM
ME6,MUM ELAICHI 100GM
MEH1,MASTER ENDURA HA ROTI TAWA 25CM
MEH2,MASTER ENDURA HA ROTI TAWA I/B
MEO1,MAMA EARTH ONION SHAMPOO NEW
MER1,MAMA EARTH RICE FACE WASH
MET1,MAMA EARTH TEA TREE FACEWASH 50ML
MF2,MEDIMIX FACEWASH
MFA1,MAMAEARTH FW ALOE VERA &ASHWAGANDHA
MFF1,MALAS FROOGLE FRUITY
MFP1,MY FITNES PEANUT BUTTER CRUNCHY
MFP2,MY FITNES PEANUT BUTTER SMOOTH
MFR1,MAMAEARTH FW RICE WATER NIACINAMINE
MFU1,MAMAEARTH FW UBTAN TAN REMOVAL
MFV1,MAMAEARTH VITAMIN C FACEWASH
MG1,MARIE GOLD
MG3,MOHRI 50 GM
MG5,MAHAVIR GUL
MG7,MEGLOW GLYCERINE
MGP2,MEGHNAND GAVRAN PICKLE 500GM
MGS2,MOTI GULAB SOAP
MGS3,MOTI GULAB SOAP
MHM1,MAMAEARTH HONEY MALAI FACE WASH
MHR1,MEDIMIX HW REFIL LEMON TULSI ALOEVERA
MHW1,MEDIMIX HAND WASH
MJ2,MUM JAIFAL 2
MJ3,MUM JAIFAL 5
MK11,MUM KHARIK
MK12,MUM KHARIK 500
MK14,MUM KISMIS 500
MK15,MATKA KULFI
MKB2,MUM KHARIK BLACK 1KG
MKB3,MUM KHARIK BLACK 500
MKN1,MAGGI KETCHUP NOG
MKV1,MAGIC KING VINEGAR
ML6,MUM LAVANG 50GM
ML7,MUM LAVANG 100GM
MLE1,MILTON LUNCH EXECUTIVE BOX
MM13,MUDRA MAIDA 500
MM14,MAAZA MANGO 1.2LTR
MM4,MAKKA MURMURA 100GM
MM5,MAAZA MANGO
MM6,MUDRA MAIDA
MM7,MAGGI 2 MIN 420GM
MMC1,MALAS MANGO CRUSH
MMC2,MAPRO MANGO CRUSH
MMC3,MAGIC MASALA CHANA TRUE NATURALS
MMD2,MANGO MOONG DAL 1KG
MMD3,MANGO MOONG DAL 500GM
MMF1,MRS. MIXED FRUIT JAM
MMF2,MRS. MIXED FRUIT JAM 200
MMF3,MAPRO MIX FRUIT JAM
MMJ1,MALAS MIX JAM
MMJ2,MALAS MELLO JELS GRAPS
MMJ3,MALAS MELLO JELS STRAWBERRY
MMJ4,MALAS MELLO JELS ORANGE
MMM1,MAGGI 2 MIN MASALA
MMM2,MAGIC MASALA MAGGIE
MMM3,MAMAEARTH MULTANI M F W
MMM4,MAMAEARTH MULTANI MITTI FACEWASH
MMN1,MAGGI 2 MIN NOODLES
MMN7,MAGGI 2 MINUTE NOODLES
MMO1,MAHAVIR MUSTARD OIL
MMO2,MAHAVIR MUSTARD OIL 200ML
MMO3,MAHAVIR MUSTARD OIL 500ML
MMP1,METRO MUG PLAIN
MMP2,MAMYPOKO M 32 PANT
MMP4,MEGHNAND MANGO PICKLE 5KG
MN3,MUM NAKESHWAR 50GM
MNS1,MARGO NEEM SOAP 4 IN 1
MO1,MURLI OIL
MO2,MURLI OIL
MO3,MURLI OIL
MO4,MURLI OIL
MOC1,MALAS ORANGE CRUSH
MOF1,MAMAEARTH OIL FREE FACE WASH APPLE CIDER
MOH1,MAMAEARTH ONION HAIR OIL
MOH2,MAMAEARTH ONION HAIR OIL 100ML
MOS1,MAMAEARTH ONION SHAMPOO
MOS2,MAMAEARTH ONION SHAMPOO
MP2,MALAS P.A.CRUSH
MP3,MAKKA POHA 500GM
MP4,MOONG PAPAD 500GM
MP5,MIRA PACKING 50GM
MP8,MUM PISTA
MPC3,MAGGI PAZZTA CHEESE
MPM1,MAGGIE PASTA MASALA RED
MPM2,MAMYPOKO PANTS M-4 7-12KG
MPM3,MAKHANA PUDINA MASALA TWIST
MPM6,MAGGI PAZZTA MASALA PENNE 35RS
MPP1,MRS. PIZZA PASTA SAUCE
MPP3,MAMY POKO PANTS STANDARD S-40
MPP5,MAMY POKO PANTS STANDARD M-16
MPP6,MAMY POKO PANTS STANDARD L-14
MPP7,MAMY POKO PANTS STANDARD L-7
MPP8,MAMY POKO PANTS M
MPP9,MAMY POKO PANTS STANDARD L-4
MPS3,MAMY POKO S 4-8
MPS4,MAMYPOKO PANTS S 4-8 CRI SHE
MPV1,MESWAK PASTE VALUE PACK
MPX1,MAMYPOKO PANTS XL
MR1,MALAS ROSE
MR3,MUDRA RAVA 1KG
MR5,MUM RAMPATRI 50GM
MRS1,MAPRO ROSE SHARBAT
MS1,MILK SHAKTI
MS11,MOOV SPRAY
MS13,MURLI SUNFLOWER 15LTR
MS14,MURLI SUNFLOWER 5LTR
MS2,MAIDA SAMRAT
MS3,MAIDA SAMRAT
MS5,MEDIMIX SOAP
MS6,MANGO SANDAE
MS7,MUM SOUNT 250GM
MS8,MUM SOUNT 50GM
MS9,MEDICAL SODA
MSA1,MEDIMIX SAOP AYURVEDIC
MSD1,MEERA SUPER DHANADAL
MSG1,MYSORE SANDAL GOLD
MSH1,MOTI SOAP HALDI
MSH2,MOTI SOAP HALDI
MSJ5,MUM SHA JEERA 50GM
MSJ6,MUM SHA JEERA 100GM
MSK1,MUM SOORI KHARIK
MSK2,MASTER SUPERIOR KADHAI WITH GLASS LID
MSK3,MISK SHAHAI KHAJOOR
MSL1,MYSORE SANDAL'S LAVENDER
MSN1,MAKHANA SALT N BLACK PEPPER
MSO1,MURLI SUNFLOWER 1LTR OIL
MSP1,MAHAVIR SUGAR POWDER
MSP2,MAHAVIR SUGAR POWDER 500GM
MSP3,MUMMYS SOAN PAPDI PREMIUM
MSP4,MUMMYS SOAN PAPDI  ORANGE
MSP5,MUMMYS SOAN PAPDI MANGO
MSP6,MASTER SUPERIOR PLUS DOSA TAWA
MSR1,MYSORE SANDAL ROSE
MSS1,MOTI SANDAL SOAP
MSS10,MASTER STELLO SMART 3LTR.
MSS2,MYSORE SOAP SJR
MSS3,MYSORE SOAP SOAP
MSS4,MYSORE SANDAL SOAP
MSS5,MOTI SANDAL SOAP
MSS7,MYSORE SANDAL SOAP
MSS8,MYSORE SANDAL SOAP
MT5,MUM TIL 250GM
MT7,MUM TEJPAN 100GM
MT8,MUM TEJPAN 50GM
MTK1,MAGGI TOMATO KETCHUP
MTP1,MAGGI TOMATO PICHKOO KETCHUP
MTT1,MAMAEARTH TEA TREE FACE WASH
MUF1,MAMAEARTH UBTAN F/W
MV2,MUM VARIYALI 1KG
MV3,MUM VARIYALI 500GM
MV4,MUM VARIYALI 250GM
MV5,MUM VARIYALI 100GM
MV6,MUM VARIYALI 50GM
MV7,MUM VARIYALI 200GM )
MVA1,MAGGIE VEG ATTA
MVC1,MAMAEARTH VITAMIN C F/W
MVC2,MAMAEARTH VIT C SUNSCREEN 50SPF
MYK2,MUM YELLOW KHARIK 1KG
MYK3,MUM YELLOW KHARIK 500GM
N12,NACHANI 500GM
N18,NOVA CREAM
N3,NARAL
NAC1,NUTRAMLA AMLA CANDY 500GM
NAD1,NIRMA ADVANCE DETR
NAM1,NUTRAAMLA AVLA MURRABA
NAM2,NUTRAMLA AMLA MURABBA 1 KG
NAS1,VLCC ALMOND HONEY BODY LOTION
NB5,NARIYAL BISCUIT 225GM
NB6,NANDI BHAGAR
NBD1,NUTTY BELGIAN DARK CHOCOLATE
NBL1,NATURES BODY LOTION ALMOND HONEY
NBL2,NIVEA BODY LOTION BLUE 600ML
NBL7,NIVEA BODY LOTION 50ML
NBM1,NIVEA BODY MILK DRY SKIN LOTION
NBM2,NIVEA BODY M N LOTION
NBN1,N BALLS NAPTHALENE
NBW1,NATARAJ 621 BOLD W PENCILS
NC1,NESCAFE CLASSIC
NC2,NESCAFE CLASSIC
NC3,NAVRATNA CHIKKI 100GM
NC4,NIMBU CHANA
NC9,NIVEA CREAM
NCB1,NIVEA CREAM BLUE 25ML
NCC1,NAVRATNA CRUSH CHIKKI 200GM
NCC2,NAVRATNA COCONUT CHIKKI
NCC3,NAVRATNA CHOCOLATE CRUSH CHIKKI
NCC8,CHATPATA CHANA NATURAL NUTS
NCH1,NISHA CREAM HAIR COLOR NAT BLACK 1.0
NCH2,NISHA CREAM HAIR COLOR BURGUNDY 3.16
NCH3,NISHA CREAM HAIR COLOR BROWN
NCH4,NYCIL COOL HERBAL TALC
NCJ1,NESCAFE CLSC JAR
NCJ2,NESCAFE CLSC JAR
NCL1,NESCAFE CHILLED LATTE 180ML
NCM2,NESCAFE CHOCO MOCHA 180ML
NCN1,NIVEA COCOA NOURISH BODY LOTION
NCP3,NESCAFE CLASSIC POUCH
NCS1,NAVRATNA COCONUT SALI CHIKKI
ND2,NAGLI DISCO 500GM
NDC1,NIRMA DET CAKE
NEM1,NESTLE EVERYDAY MILK POWDER
NFD1,NOOR FRAGRANCE DHOOP
NFF1,NIVEA FRESH POWER DEO
NFT1,NATURE FRESH TIN SUNF OIL 15LTR
NGB1,NESCAFE GOLD BLEND 50GM
NGC1,NAVRATNA GROUNDNUT CHIKKI
NH1,NAVJEEVAN HING
NHB1,NISHA H BLACK
NHY1,NAVJEEVAN HING YELLOW
NIC1,NESCAFE INTENSE CAFE 180ML
NIF1,NESCAFE ICED FRAPPE
NJ2,NEW JAWAS 250
NKB1,NATARAJ KIT BEST OF LUCK
NKC1,NAND KRISHNA COW GHEE
NKC2,NAND KRISHNA COW GHEE 500ML
NKC3,NAND KRISHNA COW GHEE 200ML
NKC4,NAND KRISHNA COW GHEE 100ML
NKM1,NAMO KHADA MASALA 250GM
NKM2,NAMO KHADA MASALA 50GM
NKS1,NAFEES KHARI SPECIAL
NM2,NESTLE MUNCH
NMC1,NAVRATNA MIX CHIKKI
NMC2,NAVRATNA MIX CHIKKI WITH KAJU
NMC3,NAVRATNA MIX CHIKKI WITH DRYFRUITS
NMC4,NESTLE MILKYBAR CHOO
NMM1,NESTLE MILKYBAR MOOSHA CHOCOLATE 18GM
NMP1,NESTLE MILK POWDER EVERYDAY
NMP2,NESTLE MILK POWDER
NNB1,NISHA N BROWN
NNB3,NIVEA NL BODY MILK
NO5,NAVRATNA OIL 100ML
NO6,NAVRATNA OIL
NO7,NAVRATNA OIL
NP1,NUTROMA PISTA
NP3,NUTKHUT PISTA
NPE1,NATRAJ 621 PLASTO ERASER
NPG1,NATRAJ PEN GELIX GEL PEN SET
NRB1,NAFEES ROASTED BREAD MINI TOAST
NS1,NATARAJ 621 SHARPNER
NS17,NYLON SHABUDANA 500GM
NS2,NIRMA SALT
NS4,NATARAJ 621 SCALE 15CM
NS5,NATRAJ 621 SCALE 30CM
NSA1,NIHAR SHANTI AWLA
NSA3,NIHAR SHANTI AWLA
NSA4,NIHAR SHANTI AWLA
NSA6,NIHAR SHANTI AWLA
NSC1,NAVRATNA SOFT CRUSH CHIKKI
NSC3,NESCAFE SUNRISE COFFEE
NSC5,NIVEA SOFT CREAM 25ML
NSC6,NIVEA SOFT CREAM 50ML
NSG2,NIVEA SHOWER GEL
NSG4,NIVEA SHOWER GEL WATERLILY N OIL
NSG5,NIVEA SHOWER GEL LEMON N OIL
NSS1,NATURE SUNSCREEN SUNBAN SPF30 LOTION
NSS3,NATURE SUNSCREEN SUNBAN SPF50
NT1,NAFEES TOAST
NTC1,NAVRATNA TIL CHIKKI
NTK1,NAVIN TOMATO KETCHUP
NTK2,NAVIN TOMATO KETCHUP
NW2,NEW WHEEL 2KG
NWD1,NIRMA WHITE D SOAP
NWP1,NIRMA WASHING POWDER
O5,OATS QUAKER REGULAR
OAM1,OS ASL MUSK
OBC1,ORAL B CRISS CROSS
OBC3,ORAL B CRISS CROSS SET
OBC7,OREO BISC CHOCO
OBC8,ORAL B CRISS CROSS 4N
OBO1,OREO BISC ORIGNAL REG JUMBO PACK
OBS1,ORAL B SEN WHITE
OBS2,ORAL B SENSITIVE CARE BRUSH
OBS4,OREO BISCUIT STRAWBERRY
OBS5,ORAL B SHINY CLEAN
OBV1,OREO BISC VANILA 35/-
OCD1,ORAL-B CAVITY DEFENCE TOOTHBRUSH
OG1,OVA 50 GM
OHA1,OLIVIA HONEY ALMOND MOISTURIZER
OKC1,OB KIDS CHOTA BHEEM
OMP1,ODONIL MULTI PIECE
OPH1,ORAL B PRO CRISCROSS
ORS1,ODONIL ROOM SPRAY ROSE GARDEN
OSA1,OLD SPICE AFTER SHAVE ORIGINAL
OSM1,CREAM MUSK 30G
OSP4,OM SHANTI PURE CAMPHOR
OSS2,OLD SPICE SHAVING CREAM MUSK 70GM
OSW1,OB SENS WHITE
OZL1,ODONIL ZIPPER LAVENDER
P10,PAMPERS
P14,PERK 10RS
P15,PAMPERS
P2,PARLE-G-ROYAL
P3,PARLE 20-20
P31,PANASONIC PENCIL CELL
P32,PASTA 100GM
P33,PASTA 200GM
P36,PAMPERS
P4,PEARS
P6,PATANJALI DOODH 10RS
P7,PAMPERS
P70,PASTA 500GM
P8,PAMPERS
P9,PAMPERS
PA1,PONDS ALOE 200GM
PAB1,PARK AVENUE BEER SHAMPOO 70ML
PAB2,PARK A BEER SHAMPOO DAMAGE FREE
PAC1,PONDS ALOE COOL TALC
PAC3,P AMLA CANDY 500GM
PAC4,PONDS ALOE COOLING TALC
PAC6,PATANJALI ASHWAGANDHA CAPSULE
PAD1,PARK A DEO G MOORNING
PAD2,PARK A DEO SIGNATURE
PAD4,PATANJALI ALMOND DELITE
PAD5,PARK AVENUE DISCOVER DEO
PAG1,PARACHUTE ADVANSED GOLD HAIR OIL
PAH1,PARACHUTE ALOE HAIR OIL
PAH3,PARACHUTE ALOE HAIR OIL
PAJ1,P AMLA JUICE
PAM2,PUSHP ACHAR MASALA
PAO2,PARACHUTE ALOEVERA HAIR OIL
PAS1,PATANJALI ALOEVERA SOAP
PAV1,P ALOE VERA SOAP
PB13,PANDURANG BHEL
PB14,PREMIUM BADAM 250
PB15,PREMIUM BADAM 500
PB16,PRISM BOTTLE 1PC
PB17,PEARS BODYWASH SOFT N FRESH
PB4,PONDS BL 3VIT
PB5,PATANJALI BALM
PB6,PATANJALI BISCKITS DOODH
PB7,POOJA BADAM 50GM
PBB1,PONDS BRIGHT BEAUTY CREAM 35GM
PBB18,PEPSODENT BRUSH BABY
PBB2,PONDS BRIGHT BEAUTY CREAM 15GM
PBB3,PONDS BRIGHT BEAUTY
PBC1,PONDS BB CREAM NTRL
PBC14,PEANUT BUTTER CHOCOLATE SMOOTH
PBC15,PEANUT BUTTER CHOCOLATE CRUNCHY
PBC16,PONDS BB+ CREAM 9GM
PBC2,PARLE BLACK BOURBON
PBC6,PARLE 20 -20 BUTTER  COOKIES BLUE
PBC7,PARACHUTE  COCOA BODY LOTION
PBC8,PARACHUTE  COCONUT BODY LOTION
PBC9,PONDS BB+ CREAM NATURAL
PBL1,PAPER BOAT LUSH LYCHEE
PBM2,PARLE BIGGER MANGO BITE
PBR1,PATANJALI BASMATI RICE SILVER
PBS10,PAPER BOAT SWING MIX FRUIT MEDLEY
PBS11,PAPER BOAT SWING TASTY APPLE
PBS12,PAPER BOAT SLURPY MANGO
PBS16,PATANJALI BURA SUGAR
PBS19,PANKHUDI BHAJKI SAUNF
PBS2,PRACO BUCKET SPIN MOP
PBS6,PAPER BOAT SWING YUMMY GUAVA
PBS7,PAPER BOAT SWING LUSH LYCHEE
PBS8,PAPER BOAT SWING SLURPY MANGO
PBS9,PAPER BOAT SWING PULPY ORANGE
PBW2,PEARS BODY WASH REG PURE &GENTLE
PC16,PRATHMESH CASHEW 250
PC4,PATANJALI CHAWANPRAYASH 500GM
PCB3,PIPO CHEESE BURST
PCC2,P CRUNCHY COCONUT COOKIES
PCC4,PONDS COLD CREAM
PCC7,PARLE 20-20 CASHEW COOKIES 30GM
PCE1,PATANJALI CREAMFEAST ELAICHI
PCE2,PARLE CHOCO 2IN1 ECLAIRS BIGGER
PCF1,PATANJALI CHOCO FLAKES
PCF3,PABLE CRISPY FARSAN
PCG1,PATANJALI COW GHEE
PCG2,PATANJALI COW GHEE
PCL1,PONDS CREAM LIGHT MOISTURISER
PCL2,PHILIPS CHARCHABLE BULB 9W
PCL3,PHILIPS CHARCHABLE BULB 12W
PCM1,PUSHP CHAT MASALA
PCM2,PUSHP CHOLE MASALA 50GM
PCM3,PIK CAKE MIX CHOCO(250GM)
PCM4,PIK CAKE MIX VANILA (250GM)
PCO1,PATANJALI COCONUT OIL
PCO2,PATANJALI COCONUT OIL 100ML
PCP1,PIK COCOA POWDER(25GM)
PCS2,PA .HALDI CHANDAN SOAP
PCW1,PEARS COCONUT WATER BODY WASH
PD2,P DALIYA
PDB1,PATANJALI DOODH BISCUITS 800GM
PDB3,PATANJALI DOODH BISCUITS 150GM
PDB7,PATANJALI DANTKANTI 300GM+ BRUSH FREE
PDB8,PANDURANG DRY BHEL 250 GM
PDC2,PIPO TANDOORI TWIST POPCORN
PDF4,PARODONTAX DAILY FLUORIDE
PDK1,PATANJALI DANT KANTI PASTE 600GM
PDK2,PATANJALI DANT KANTI PASTE
PDK3,PATANJALI DANT KANTI PASTE
PDK4,PATANJALI DANT KANTI PASTE 800GM
PDN1,PAPAD DISCO NAGLI
PDP1,PUSHP DHANIYA POWDER
PDP2,PATANJALI DANT KANTI 200GM
PDT2,PONDS DFT TALC
PDT3,PONDS DREAMFLOWER TALC 50GM
PDT4,PONDS DFT TALC
PDW1,P DISH WASH BAR
PDW2,P DISH WASH BAR
PDW3,P DISH WASH BAR
PDW4,P DISH WASH BAR NEW
PE3,PREDATOR ENERGY 300ML
PE4,PRO EASE 6N
PE7,PRO EASE 40RS
PEP1,PRO EASE 15 PADS
PF1,PAN FLAVOR
PFB1,PEPSODENT FIGHER BRUSH SOFT
PFB3,PONDS FW BRIGHT BEAUTY PINK
PFB5,PARLE FAB BOURBON 40RS
PFR1,PEARS PURE N GENTLE FACEWASH
PG16,PARLE GOLD 1KG
PG17,PARLE GOLD 500GM
PG19,PARLE GOLD
PG2,PARLE GOLD RS.10
PG3,PARLE G 25RS
PG4,PEARS GENTLE 120GM
PG5,PAN GOLI
PG6,PUDINA GOLI
PG7,PATANJALI GULKAND
PG9,PARLE G
PGB1,PARLE-G GOLD BISCUITS 200GM
PGB2,PARLE 20-20 GOLD BUTTER
PGB3,PEARS GENTLE BODY WASH 1LTR POUCH
PGC1,PEPS GERMI CHECK
PGC2,PEPS GERMI CHECK
PGC3,PEPS GERMI CHECK
PGC4,PRAVIN GREEN CHILLI SAUCE 100GM
PGC5,PRAVIN GREEN CHILLI PICKLE
PGC7,PARLE G CHAKKI ATTA
PGC9,PRAVIN GREEN CHILLI PICKLE
PGE2,PEPSODENT GUM EXPERT BRUSH 3IN 1
PGM4,PUSHP SAMBHAR MASALA 200GM
PGS1,22G PLAN GLASS S P
PGS3,PATANJALI GULAB SHARBAT
PH1,P HONEY
PH2,P HONEY   250
PH3,P HONEY 500
PH8,PATANJALI BANDANI HING
PHC2,PURO HEALTHY CYSTAL SALT
PHM1,PONDS HYDRA MIRSCALE SUPERLIGHT GEL 100M
PHN1,POUR HOME NECTOR FRENCH FLORA
PHN2,POUR HOME NECTOR FRENCH FUSION
PHN3,POUR HOME NECTOR RED ROSE
PHO2,PATANJALI HONEY ORANGE FACEWASH
PHO4,PARLE HIDE AND SEEK ORANGE
PHO5,PARLE HIDE AND SEEK VANILLA
PHO6,PARLE HIDE AND SEEK STRAWBERRY
PHO7,PARACHUTE HAIR OIL ROUND BOTTLE
PHP1,PUSHP HALDI POWDER
PHS1,PARLE HIDE & SEEK CR
PHS10,PONDS HYDRAMIRACALE SUPERLIGHT GEL
PHS11,PAMPERS HAPPY SKIN PANTS M 2N
PHS13,PURO HEALTHY SALT
PHS2,PATANJALI H SHAVE GEL
PHS3,PAMPERS HAPPY SKIN PANTS S 10N
PHS4,PAMPERS HAPPY SKIN PANTS M 8N
PHS5,PAMPERS HAPPY SKIN PANTS L 6+1
PHS7,POUR HOME SANDAL ROOM FRESHNER
PHS9,PARLE HIDE & SEEK 30RS.
PJ1,PATLA COMFORT SMALL
PJ15,PANI JAR 20LTR
PJ2,PARACHUTE JASMINE
PJ3,PINEAPPLE JAM 200GM
PJ4,PAPAD JAVARI
PJ5,POUR HOME JUST JASMINE
PJ7,PATLA B HOME TUFF SMALL
PJ8,PUSHP JALJIRA
PJB1,PARACHUTE JASMINE BOTTEL
PJH1,PARACHUTE JASMINE HAIR OIL 20RS
PJO1,PARACHUTE JASMINE OIL
PK3,PREMIUM KISMIS 500GM
PKC1,PATANJALI KASH KANTI OIL
PKG1,22G PLAN KALASH GLASS
PKJ1,PARLE KRACK JACK THE ORIGINAL
PKK1,PATANJALI KESH K MILK PROTEIN HAIR CLEAN
PKK2,PATANJALI KESH K NATURAL SHAMPOO
PKK3,PATANJALI KESH K ANTI DANDRUFF HAIR CLEA
PKK4,PATANJALI KESH K REETHA HAIR CLEANSER
PKK5,PATANJALI KESH KANTI ADVANCE OIL 30ML
PKK8,PUSHP KITCHEN KING
PKK9,PUSHP KITCHEN KING 50G
PKM1,PUSHP KASOORI METHI
PKM3,PARLE KACCHA MANGO BIG BITE
PKP1,20-20 PISTACHIOS
PKR1,P KESH KANTI ALOVERA
PKS1,PATANJALI K.K SILK N SHINE
PKT1,PARLE KISMI TOFFE
PL1,PANTENE LIVELY 90ML
PLB1,PANTENE LONG B75ML
PLD1,PARLE LONDON DERRY POUCH
PLD2,VILINA SUNFLOWER TAP JAR
PLH1,PATANJALI LEMON HONEY FW
PLM1,PONDS LIGHT MOISTURISER
PLM2,PONDS LIGHT MOISTURISER NON OILY
PLM3,PONDS LIGHT MOISTURISER
PLP1,PRAVIN LIME PICKLE
PM3,PG MAZELO
PM4,PONDS 3VITAMIN MOISTURISING
PM6,PUSHP MIRCHI
PM7,PANIPURI MASALA
PM8,PANNER MASALA 200GM
PMC1,PARLE MONACO CLASSIC REGULAR
PMC2,PARLE MELODY CHOC.POUCH
PMC3,PARLE MAGIX CREAM ORANGE 34GM
PMC4,PARLE MAGIX CHOCO
PMC5,PARLE MONACO CLASSIC BISCUITS 250GM
PMC6,PARLE MONACO CLASSIC BISCUITS 700GM
PMC7,PG MELODY CHOCOLATY
PMC9,PG MELODY CHOCOLATY 2RS
PME1,PONDS MEN ENERGY BRIGHT F/W
PME2,PARLE MAGIX ELACHI
PME3,POND'S MEN ENERGY BRIGHT FW
PMF1,PG MAZELO FRUIT JELLY
PMF2,PONDS MAGIC FRESHNESS TALC 50GM
PMF3,PONDS MEN FW PIMPLE CLEAR
PMH1,PARLE MILANO HAZELNUT
PMJ1,PATANJALI MADHURAM JAGGRY
PMO1,PATANJALI MUSTARD OIL
PMP1,PONDS MEN POLLUTION OUT F/W
PMP10,POND'S MEN POLLUTION OUT
PMP2,PONDS MEN PIMPLE CLEAR FACEWASH 50GM
PMP3,PRAVIN MANGO PICKEL
PMP4,PRAVIN MANGO PICKEL
PMP5,PRAVIN MANGO PICKLE
PMP6,PRAVIN MANGO PICKLE
PMP7,PRAVIN MIXED PICKLE
PMP8,PRAVIN MANGO PICKLE 10RS.
PMT1,PONDS MAGIC TALC
PMT2,PONDS MAGIC TALC
PMV1,PG MULTI VITA MARIE
PN5,PATANJALI DANTKANTI 300GM
PN9,ASHOKA CALIFORNIA PISTA
PNA1,PEARS NATURALE ALOE VERA BODY WASH
PNB1,PAT. NARIYAL BIS
PNB2,PATANJALI NARIYAL BISCUITS 250GM
PNP1,PEARS NATUTALE POMEGRANATE
PNT1,PATANJALI NEEM TULSI FACEWASH 60GM
PNT2,PATANJALI NOODLES TWISTY TASTY 50GM
PO1,PARACHUTE OIL 1LTR
PO2,PARACHUTE OIL 300ML
PO3,PARACHUTE OIL 500ML
PO4,PARACHUTE OIL 250
PO5,PARACHUTE OIL 175ML
PO6,PARACHUTE OIL 200ML
PO7,PROLYTE ORS
PO8,PULPY ORANGE MINUTE MAID
POB1,PARACHUTE OIL BOTTEL 600ML
POB2,PARLE OATS BERRIES BISCUITS
POG1,PEARS OIL-CLEAR & GLOW
POP1,PARACHUTE OIL POUCH
PP1,PEPSODENT 2IN1 PASTE 150GM
PP10,PUSHTI PISTA
PP11,PARLE POPINS 2RS
PP2,PAMPERS PANTS
PP3,PITAMBARI PDR
PP4,PAPER PACHAK
PP7,PITAMBARI POWDER
PPA1,PEARS PURE AND GENTLE
PPG1,PEARS PURE & GENTLE BODYWASH 250ML
PPG2,PARLE POPPINNS GOLI ROLLS
PPG3,PEARS PURE & GENTLE 100GM
PPG4,PEARS P & GENTLE SOAP
PPG5,PRAVIN PICKLE GOR KERI PICKLE
PPL1,PAMPERS PANTS L
PPM1,PAMPERS PANTS MD
PPP2,PIPO PERI PERI
PPR1,PARLE RUSK 35RS
PPS1,PATLA POHA SWASTIK
PPW1,PONDS PURE WHITE FW
PPW2,PONDS PURE WHITE FW
PPW3,PONDS PURE WHITE FW
PR1,TOAST RUSK
PR3,PAPAD RICE
PR8,PARLE G ROYALE
PRC1,PRAVIN RED CHILLI SAUCE 100GM
PRC2,PRAVIN KOLHAPURI  THECHA
PRF1,PATANJALI ROSE FACE WASH
PRR1,PARLE RUSK REAL ELAICHI 200GM
PRX1,PAMPERS REGS XL
PS10,PONGA STICKS 200GM
PS12,POHA SWASTIK 1KG
PS13,PATANJALI SOYA 1LTR
PS15,PET SAFA
PS18,PREMIUM SAUNF 200GM
PS19,PONDS STARLIGHT
PS21,PARK A BEER SHAMPOO SHINY N BOUNCY
PS22,PONGA STICKS 500GM
PS24,PREMIUM SAUNF 50GM
PS26,PUMPKIN SEEDS 100GM
PS4,POND'S STARLIGHT
PS7,P SALT
PSA1,PEARS SOAP ALOE VERA GATTU
PSA3,PATAJALI SAUNDARAYA ALOEVERA GEL
PSA4,PATANJALI SAUNDARYA ALOEVERA GEL NEW
PSA5,PATANJALI SAUNDARYA ALOEVERA GEL NEW 110
PSB2,PEARS SOAP BLUE SOFT &FRESH
PSB8,PATANJALI SENSITIVE BRUSH
PSC1,PRAVIN SCHEZWAN CHUTNEY
PSC2,PATANJALI SHAVING CRM
PSD3,PATANJALI SUPER DISHWASH BAR 5/-
PSE1,PATANJALI SUJI ELAICHI RUSK
PSF1,PATANJALI SUN FLOWER OIL
PSF2,PATANJALI SAUNDARYA FACE WASH
PSJ2,PATANJALI SHILA JEET CAPSULE
PSK1,PATANJALI SAUNDARYA KESAR CHANDAN GEL
PSL1,PATANJALI SOMYA LIQUID
PSL2,PONDS SUPER LIGHT GEL
PSL3,PONDS SUPER LIGHT CREAM 200ML
PSL4,PONDS SUPER LIGHT GEL 25GM
PSL5,PONDS SUPER LIGHT GEL 50ML
PSM4,PONDS SUN MIRACALE SPF 55
PSN2,PATANJALI SENDHA NAMAK
PSN4,PATANJALI SHAMPOO NEEM
PSO1,PEARS SOAP OIL-CLEAR GLOW 75GM
PSO5,PATANJALI SUNFLOWER OIL 1LTR.
PSP1,PEARS SOAP POMOGR
PSP2,PATANJALI SOAN PAPDI
PSP4,CELLO STYLO PEN BLUE
PSP5,PRAVIN SWEETLIME PICKLE
PSS2,PEARS SOAP SOFT N FRESH
PSS3,PRAVIN SOYA SAUCE 100GM
PSS4,PATANJALI SHIKAKAI SHAMPOO
PSS5,PEARS SOAP SOFT & FRESH 100GM
PSS7,PEARS SOAP SOFT N FRESH
PST1,TRAY PLAZA Small
PST2,PONDS SANDAL TALC
PST3,PONDS SANDAL TALC 50GM
PST4,PONDS STRALIGHT TALK (O & J)
PST5,PRAVIN SARVAM TURMERIC POW
PST7,PONDS SANDAL TALC
PSV1,PEARS NATURALE VITAMIN C
PSV2,PEARS SOAP VIT C
PSW2,PUSHP SOYA WADI 200GM
PT5,TRAY PRIDE SMALL
PTB1,PATANJALI  BEAUTY CREAM
PTC1,PEPSODENT TONGUE CLEANER
PTN1,POOJA THALI NO.10
PTN2,POOJA THALI NO.11
PTN3,POOJA THALI NO.12
PTS1,PONDS TALC STARLIGHT ORCHID &JASMINE
PTT1,PATANJALI TWISTY TASTY
QGO1,QUALITY GROUNDNUT OIL
QO1,QUAKER OATS REGULAR
R6,RAJBHOG
RA1,ROYAL ANJEER
RA4,RIN ALA 1LTR
RAB2,RICHMEN ANKLE BLUESTAR
RAF1,RAMSONS AIR FRESHENER LAVENDER 250ML
RAF2,RAMSONS AIR FRESHENER JASMINE 250ML
RAH1,RUPVED AMBE HALAD
RAP1,RUPVED AWLA POWDER
RAP3,RAMS ATTARFUL PERFUME 10ML
RAR1,RAMSONS AIR FRESHNER ROSE
RAR2,RAMSONS RAJNIGANDHA AIR FRESHNER
RAS4,ROOH AFZA SHARBAT
RB1,RATAN BUCKET 16LTR
RB5,RAJMA 500 BLACK
RBC4,RAVI BYADGI CHILLI POWDER
RBE1,RED BULL ENERGY DRINK
RBH1,RAM BANDHU HALDI POWDER
RBI1,INDIA GATE TIBAR RICE 5KG
RBL1,RAM BANDHU LIME CHILLI PICKLE
RBP1,REX BAKING POWDER
RBP2,RUPDEV BAKING POWDER
RBP4,RAMS BULLET PURFUME
RBS2,RAM BANDHU SUPER GARAM MASALA
RBS3,RIN BAR SAPPHIRE
RC2,20-20 ROASTED CASHEW
RC3,RAJGIRA CHIKKI
RCF1,RUSHRAJ CHILLI FLAKES
RCG1,RB CHILLI G PICKLE
RCM1,RB CHIVDA MASALA 100G
RCM6,RAVI CHAKLI MASALA
RCO1,RUPDEV CASTOR OIL
RCP1,RA CHILLI POWDER BYADGI
RCP2,RUPVED CHANDAN POWDER
RCS1,RAMS COOL SPARK  PERFUME
RD2,ROSE DHOOP
RD3,RAJNIGANDHA DHOOP
RDB6,RAMSON BLACK THUNDER DEO
RDB7,RAMSON DEO BRAVO
RDC3,REGENCY DRIED CRANBERRIES
RDE1,RAMSON EXOTICA DEO
RDE2,RAMSONS DEO EXOTICA INTENSE
RDE3,RAMSONS DEO EXOTICA GOLD
RDM2,RAMSONS DEO MONTESA
RDS11,RAMSON DEO SEXY HEART
RFA4,ROCKET MUSK AGARBATTI
RFA6,ROCKET MIX SUGANDHA
RFL1,REAL FRUIT LITCHI
RFP1,REAL FRUIT POWER GUAVA
RFW1,RIN FAB WHITENER ALA
RG2,RAJWADI GUL 500GM
RGJ1,RA GULAB JAMUN POUCH
RGJ3,RUPDEV GULAB JAL 50ML
RGJ4,RUPDEV GULAB JAL 100ML
RGM1,RAVI GARAM MASALA
RGM2,RAVI GARAM MASALA
RGM3,RAVI GARAM MASALA
RGM5,RA GARAM MASALA 50GM
RHC1,RA HIRA CHILLI POWDER
RHP1,RAVI HALDI POWDER
RHP2,RAVI HALDI POWDER
RHP3,RAVI HALDI POWDER
RIP1,RAGHAV IRANI PISTA
RJG1,REYNOLDS JIFFY GEL
RK1,CHITALE SHRIKHAND BADAM PISTA
RK3,RAJBHOG KULFI HAVMOR
RK4,ROYAL KHARIK 1KG
RKK1,RAVI KITCHEN KING MASALA
RKK2,RASNA KALA KHATTA
RKO1,RADHA KARDI OIL 1LTR
RKO2,RADHA KARDI OIL 500ML
RKO3,RADHIKA KARDI OIL
RKR1,RAVI KALA RASSA MASALA
RL1,RIN LIQUID
RL2,RIN LIQUID 800ML
RL3,RED LABEL 100GM
RL4,RED LABEL 500GM
RL6,RED LABEL 250GM
RLL1,RED LABEL LEAF 10RS.
RLN1,RED LABEL NATURAL CARE TEA 100GM
RLN2,RED LABEL NATURAL CARE
RLN3,RED LABEL NATURAL CARE TEA 250GM
RLP2,RAM BANDHU LIME PICKLE
RLT1,RIN LIQUID TOP LOAD BOTTLE
RLT2,RED LABEL TEA
RLV1,RB LION VOVA
RLV2,RB LION VOVA 50GM
RLV4,RB LION VOVA 200GM
RM1,REAL MANGO 180ML
RM12,HAVMOR ALPHONSO MANGO
RM13,RAM BANDHU MOONG PAPAD
RM14,RAVI MIRCHI
RM17,RASNA MANGO
RM2,REAL MOSAMBI
RM20,RB MOHRI 250
RM21,RB MOHRI 50GM
RM22,RB MOHRI 100GM
RM26,RAM BANDHU CHAKLI MASALA
RM3,RAJBHOG MAKHANA
RMA1,ROCKET MUSK AGARBATTI
RMF1,REAL MIXED FRUIT JUICE APPLE
RMF5,RIN MATIC FRONT LOAD POUCH
RMF6,RIN MATIC FRONT LOAD 4LTR
RMM3,RUPDEV MULTANI MITTI
RMM4,RB MEAT MASALA
RMO2,RUSHILITE MUSTARD OIL 1
RMP1,RAVI MANGO PICKLE
RMP10,RA MIX PICKLE 200
RMP11,RUPVED MULTANI POWDER
RMP2,RAVI MANGO PICKLE
RMP3,RAVI MANGO PICKLE
RMP4,RB MANGO PICKLE
RMP6,RB MANGO PICKLE
RMP7,RB MIXED PICKLE
RMP8,RA MANGO PICKLE 500GM
RMP9,RA MANGO PICKLE 200GM
RMT2,RIN MATIC TOP LOAD POUCH
RMT3,RIN MATIC TOP LOAD 4 LTR
RNF1,RAYAJI NAVRATNA FARSAN
RNO1,RASANA NAGPUR ORANGE
RNP1,RB NAGALI PAPAD MASALA
ROH1,ROCK ON HAIR STYLING GEL SOFT WET/HARD H
ROH2,ROCK ON HAIR STYLING GEL SOFT WET/HARD H
ROM2,RAMS ONCE MORE PERFUME
RP10,RIN POWDER
RP12,RAMSON LA OPAEL
RP3,RIN POWDER
RP5,DABUR RED PASTE
RP8,RASNA PINEAPPLE
RP9,RIN POWDER
RPJ1,RUF&TUF PATLA JUMBO
RPL1,RIN PRO LAUNDRY POWDER 10KG
RPM1,RAM BANDHU PAPAD MASALA
RPP1,RAMS PREMIUM PERFUME FOR MEN
RPV1,RED PANTS VALUE XL
RR8,RAMSONS RHYTHM
RRC2,RAVI RED CHILLI POWDER
RRC3,RAVI RED CHILLI POWDER
RRC5,RB RED CHILLI POWDER
RRM1,RAM BANDHU MANGO PICKLE MASALA
RRO1,REXONA ROLL ON ALOE VERA
RRO2,REXONA ROLL ON ALOEVERA
RRP4,RIN REFRESH POWDER
RRP5,RAMS RAJNIGANDHA PERFUM
RRP6,RAMS REDZX PERFUME 10ML
RRR2,RAMS REAL ROSE 10ML
RRZ1,RAMSON RED ZX TALC
RS3,RAWA SAMRAT
RS4,RAWA SAMRAT
RS5,RIN SOAP
RS9,REXONA SOAP
RSG1,RASANA SHAHI GULAB
RSL1,RB SWEET LIME PICKLE
RSP1,RUPVED SHIKAKAI POWDER
RSP3,RUPDEV SUNT POWDER 100GM
RSP4,RAMS SANDAL PERFUME
RSP5,RUPVED SUNTH POWDER
RSU1,RAM BANDHU UDAD PAPAD
RTE1,RAMSONS TALC EXOTICA 100GM 1+1 FREE
RTP1,RA TURMERIC POWDER
RTP2,REYNOLDS TRIMAX PEN
RUD2,ROYAL URID DAL 1KG
RUD3,ROYAL URID DAL 500GM
RUR1,RICE UNITY ROZZANA
RV1,RUCHI VANASPATI
RW1,RANGOLI WHITE
RW3,ROSE WATER 100ML
RWA1,RIN WHITENER ALA BOTTLE
S20,STRAWBERRY
S21,SPRITE 250ML
S3,SUJI
S34,SAFFOLA OATS 1KG
S35,SAUNF 200GM
S39,SMOODH CHOCOLATE
S4,SNICKERS
S45,SHAJEERA 20GM
S6,SHABUDANA 1kg
S7,SHAJEERA 50GM
SA2,SAMRAT ATTA
SA4,SAFFOLA ACTIVE
SA5,SAFFOLA ACTIVE 5LTR
SAL1,SAMRAT ATTA LOOSE
SAM2,SANTOOR ALMAND MILK
SAM3,SAWAI ANDDA MASALA
SB17,SABJA BEE 50GM
SB19,SAVITRI BANGLE AGGARBATI
SB21,SPRITE BOTTLE  600ML
SB23,SURYADARSHAN BHIMSEN 5
SB4,STREAX 4 BROWN
SBC4,SUHANA BYADGI CHILLI POW.
SBC5,SUNFEAST BOUNCE CHOCO
SBG2,SURYADARSHAN BHIMSEN 50 GM 5
SBL1,SHAGUN BATH LOOFAH
SBM1,SUHANA BIRYANI MASALA
SBM2,SUHANA BIRYANI MASALA
SBM3,SUHANA BIRYANI MASALA
SBP1,SWAN BLACK PHENYLE 500ML
SBS1,SUNSILK BLACK SHINE SHAMPOO
SBS10,SENSODYNE BRUSH EXPERT
SBS2,SUNSILK BLACK SHINE  SHAMPOO
SBS3,SUNSILK BLACK SHAMPOO
SBS7,SCOTCH BRITE SCRUB PAD
SBT1,BUBBLY MONEY BANK
SBW1,SAWAYI BHRLI WANGI MASALA 25G
SC10,SHABUDANA CAMEL 500
SC11,SAVLON COOL
SC22,STOREWELL CONTAINER 500
SC31,SUNDROP CRUNCHEEZ
SC9,SABUDANA CAMEL
SCB10,SONI CHAKLI BHAJNI
SCB2,SAWAI CHICKEN BIRYANI MASALA
SCB6,SUNDER COCONUT BISCUITS
SCB7,SUHANA CHAKALI BHAJNI MIX
SCG1,SUHANA CHICKEN GRAVY MIX
SCG2,SWAGAT COW GHEE
SCG3,SWAGAT COW GHEE 500ML
SCG4,SWAGAT COW GHEE 200ML
SCG5,SUHANA CHICKEN GRAVY MIX 25RS
SCM3,SUHANA CHOLE MASALA
SCM4,SUHANA CHAT MASALA
SCM5,SUHANA CHICKEN MASALA
SCM6,SUHANA CHOLA MASALA
SCM7,SUHANA CHAT MASALA
SCM8,SUHANA CHICKEN MASALA
SCM9,SUHANA CHIWDA MASALA
SCP4,SOAP CASE DIVE
SCR1,SAWAI CHICKEN RASSA MASALA
SCR3,SUHANA CHICKEN RASSA MASALA
SD2,SALT DLX
SDO1,SILVER SOYA OIL
SDP15,SUNDROP DUO PEANUTS 20GM
SDP6,SARVAM DHANIYA POWDER
SDP8,SARVAM D POW
SDS3,SILVER DROP 15LTR SUNFLOWER
SDS4,SILVER DROP SUNF OIL
SDS5,SILVER DROP SUNFLOWER 5
SDS8,SAMADHAN DHANA SAUNF 250GM
SE1,SURF EXCEL
SEB2,SURF EXCEL BAR 250GM
SEE1,SURF EXE EASY WASH LIQUID
SEE2,SURF EXCEL EASY WASH 7KG
SEE3,SURF EXCEL EASY WASH POWDER
SEE4,SURF EXCEL EASY WASH 500GM
SEE5,SURF EXCEL EASY WASH NEW
SEF1,SURF EXCEL FRONT LIQUID
SEF2,SURF EXCEL 6KG FRONT LOAD POWDER
SEK1,SKYLINE ELECTRIC KETTLE 1.8LTR
SEK2,SKYLINE ELECTRIC KETTLE 1.2LTR
SEL1,SURF EXCEL LIQUID 1L
SEM1,SURF EXCEL MATIC LIQUID FRONT LOAD 1LITR
SEM10,SURF EXCEL MATIC TOP LOAD 1LTR
SEM11,SURF EXCEL MATUC FRONT LOAD 4LT
SEM13,SURF EXCEL MATIC TOPLOAD POWDER
SEM2,SURF EXCEL MATIC LIQUID FRONT LOAD 500ML
SEM20,SURF EXCEL MATIC TL 6LTR
SEM21,SURF EXCEL MATIC FL 6LTR
SEM3,SURF EXCEL MATIC LIQUID TOP LOAD 1LITR
SEM4,SURF EXCEL MATIC LIQUID TOP LOAD 500ML
SEM5,SURF EXCAL MATIC
SEM6,SURF EXCEL MATIC LIQUID TOP LOAD 2LITR
SEM7,SURF EXCEL MATIC LIQUID FRONT LOAD 2LTR
SEM8,SURF EXCEL MATIC LIQUID TOP LOAD 2LITR N
SEM9,SURF EXCEL MATIC FRONT LOAD 1LTR
SEQ2,SURF EXCEL QUICK WASH 4KG
SET1,SAHYADRI ELAICHI TEA 500GM
SET2,SAHYADRI ELAICHI TEA
SET3,SAHYADRI ELAICHI TEA
SET4,SURF EXCEL 6KG TOP LOAD POWDER
SF4,SANI FRESH TOILET CLEANER
SFC1,SWAN FLOOR CLEANER
SFC2,SWAN FLOOR CLEANER ROSE
SFC3,SWAN FLOOR CLEANER JASMINE
SFC4,SWAN FLOOR CLEANER LEMON
SFC5,SWAN FLOOR CLEANER LAVENDER
SFC6,SWAN FLOOR CLEANER MOGRA
SFC7,JANTA FOOD COLOUR
SFG1,SENSODYNE FRESH GEL PASTE
SFG2,SENSODYNE FRESH GEL
SFG3,SENSODYNE FRESH GEL NEW 40GM
SFM1,SENSODYNE FRESH MINT
SFM6,SNACK FACTORY MAKHANA LEMON MASALA RS. 2
SFS3,STAY FREE SECURE XL
SFW1,SAUNDARYA FACE WASH
SG11,SAVITRI GAJRA AGGARBATI
SG2,SOYA GRITS(VADI) 250
SG3,SAVLON GENTAL
SG4,SAUNF 100 GM
SG6,SHIVTIRTH GHEE 500ML
SG7,SUHANA GINGER GARLIC PASTE
SG8,SUGARFREE GOLD
SG9,SHIVTIRTH GHEE 200ML
SGC4,SWAN GLASS CLEANER
SGC5,SET WET COOL AVATAR DEO
SGJ1,SURUCHI GULAB JAMUN
SGO1,SOYA GEMINI OIL
SGO2,SUNF GEMINI OIL
SGO3,SOYA GEMINI OIL
SGO4,GEMINI SUNFLOWER OIL CAN
SGO5,GEMINI SUNFLOWER OIL 1LTR
SGO6,SOYA GEMINI OIL CAN
SGO7,SAFFOLA GOLD OIL
SGP3,SONIC GEL PEN
SGS1,SUMANGAL GOLD SOYA 15LTR
SGS2,SANTOOR GOLD SANDAL SOAP
SGW1,SHAGUN GLASS WIPER WITH SPRAY
SH1,SAVLON HANDWASH 775ML
SH2,SAVLON HANDWASH 20/-
SHH1,SAVLON HANDWASH HERBAL 775ML
SHP1,SUHANA HALDI POW
SHP2,SARVAM HALDI POWDER
SHP3,SARVAM HALDI POWDWER
SHS1,SUNPURE HEART SUNFLOWER 5 LTR
SHW2,SANTOOR HAND WASH BERRIES & TULSI CREME
SII1,SKYLINE INFRARED INDUCTION COOKER VTL-30
SJM5,SUHANA JALJIRA MASALA
SJM7,SUHANA JALJIRA MASALA
SK11,SHAHI KULFI HAVMOR
SK6,SAHYADRI 5 KG
SK7,SUGAR 10 KG
SKA1,MANOHAR KESAR ASHTGANDHA
SKC1,SUHANA KAJU CURRY MIX
SKC2,SW KARALA CHUTNEY
SKD1,SUHANA KHAMAN DHOKLA MIX
SKD2,SUHANA KACHHI DABELI MASALA
SKK1,SUHANA KITCHEN KING MASALA
SKK2,SUHANA KICHEN KING
SKM1,SUHANA KESAR MILK MASALA
SKM2,SUHANA KESAR MILK MASALA
SKM3,SARVAM KALA MASALA 500GM
SKM5,SUHANA KALA MASALA
SKM6,SAWAI KALA MASALA
SKN1,SONI KALA NAMAK
SKO1,KIRTI GOLD SUNFLOWER 5LTR
SKT1,SAWAI KOLHAPURI THECHA
SKT2,SAHYADRI KADAK TEA
SKT3,SAHYADRI KADAK TEA
SKW1,SAWAI KALA WATAN
SL1,SUGAR LOOSE SS
SLC1,SAWAI LASUN CHUTNEY
SLW1,SAWAI LAL WATAN
SM12,SUGAR MADHUR
SM3,SUHANA SAMBHAR MASALA 100
SM4,SUGAR MADHUR
SMB1,SUHANA MUTTON BIRYANI MIX
SMB2,SAWAI MUTTON BIRYANI MASALA
SMB3,SF MM BUTTER
SMB4,SUHANA MUTTON BIRYANI
SMD1,SS MASALA DABBA SEE THROUGH BIG
SMG1,SUHANA MUTTAN GRAVY
SMG2,SUHANA MUTTON GRAVY MIX
SMG3,SUHANA MUTTON GRAVY MIX 40 GM
SMM1,SUHANA MEAT MASALA
SMM10,SUHANA MEAT MASALA
SMM2,SUHANA MEAT MASALA
SMM3,SUHANA MEAT MASA
SMM5,SUHANA MEAT MASALA
SMM6,SUNFEAST MOMS MAGIC CASHEW & ALMOND 60GM
SMM7,SUHANA MISAL MASALA
SMO3,SAFFOLA MASALA OATS 500GM
SMO4,SAFFOLA MASALA OATS PEPPY TOMATO
SMO5,SAFFOLA MASALA OATS
SMP1,SUHANA MANGO PICKLE
SMP2,SUHANA M PANEER MIX
SMP4,SWAN MAHASHAKTI PHYNYLE
SMR1,SUHANA MUTTON RASSA MASALA
SMR2,SAWAI MUTTON RASSA MASALA
SMR3,SAWAI MISAL RASSA MASALA
SMV2,SKYLINE MIXER 600W VTL-7600
SN5,SAVITRI NECKLACE AGGARBATI
SNB1,STREAX 1 N BLACK
SNM1,SUHANA NAVIN MANGO PICKLE 750GM
SO2,SAFFOLA CREAMY OATS
SO3,SESA OIL
SOJ1,SUNSILK ONION & JOJOBA OIL SHAMPOO 195ML
SP10,SOYA PATANJALI
SP12,SWING POMOGRANATE 600ML
SP20,SHABHUDANA PAPAD 100GM
SP21,SHABHUDANA PAPAD 200GM
SP23,SUPDI SUPRIYA BIG
SP7,SWASTIK POHA 1KG
SP8,SWASTIK POHA 500GM
SP9,PATANJALI SUNFLOWER OIL 1LTR
SPB1,SKI PENCIL BOX MICKEY
SPB11,SUHANA PANIR BUTER
SPB8,SUHANA PAV BHAJI
SPB9,SUHANA PAV BHAJI MASALA
SPF1,SENSODYNE PASTE F GEL
SPF2,SAPAT PARIVAR FAMILY MIX TEA
SPG4,SANTOOR PURE GLOW
SPM1,SENSODYNE PASTE MINT
SPM2,SENSODYNE PASTE MINT
SPM3,SUHANA PANEER MASALA
SPM4,SUHANA PICKLE MASALA
SPP2,SUHANA PANI PURI MASALA
SPP3,SPRITE PARTY PACK
SPP4,SUHANA PALAK PANEER MIX
SPP5,SWARAJ PEANUTS 1KG PACKING
SPS2,SUNSILK PINK SHAMPOO
SPT1,SUHANA PANEER TIKKA M GRVY
SPT2,SAPAT PARIVAR TEA
SPT3,SAPAT PARIVAR TEA
SPT4,SAPAT PARIVAR TEA
SPT5,SUHANA PANEER TIKKA M GRVY 25RS
SRC1,SKI ROYAL CLOTH DRYING CLIP BIG
SRM1,SAWAI READY MASALA MUM PAV BHAJI
SRO1,SAFFLITE RICE BRAN OIL
SRP1,SKI ROUND PATLA PLANE
SRP2,SURUCHI RAJASTHANI PAPAD
SRR2,SENSODYNE RAPID RELIEF
SRR4,SENSODYNE RAPID RELIEF PASTE
SS10,SUNFLOWER SAMRAT 5LTR
SS11,STAYFREE SECURE
SS17,SANTED SOUF 50GM
SS20,SANTOOR SOAP
SS21,SANTOOR SOAP 150*4
SS3,SOOJI SAMRAT
SS35,SUNFLOWER SEEDS 100GM
SS4,SUNPURE HEART SUNFLOWER 1LTR
SS5,SOYA STICK 200G
SS6,SANTED SOUFF
SS7,SILVER SOYA
SSA1,SANTOOR SANDAL & ALMOND M SOAP
SSB1,SAWAI SHEV BHAJI MASALA
SSB7,SUHANA SHEV BHAJI MASALA
SSC1,SKI SUN CLOTH DRYING CLIP
SSC2,SAWAI SHENGDANA CHUTNEY
SSC4,STAYFREE SECURE COTTONY
SSC5,SUHANA SCHEZWAN CHUTNEY
SSG1,SUHANA SUPER GARAM MASALA
SSG2,SUHANA SUPER GARAM MASALA
SSG4,SWAROMA SAMRAST GULAB JAMIN
SSJ1,SILVER SOYA 15LTR JAR
SSK1,SUHANA SAFFRON KESAR
SSM1,SUHANA SAMBHAR MASALA
SSM2,SUHANA SABJI MASALA
SSM3,SUHANA SABJI MASALA
SSM4,SUHANA SAMBAR MASALA
SSM7,SUHANA SAMBAR MASALA
SSM8,SUHANA SAMBHAR MASALA 500GM
SSN2,SONI SENDA NAMAK
SSN4,SONI SENDA NAMAK 1KG
SSO1,SAMRAT SUNFLOWER OIL CAN
SSO2,SWEEKAR SUNFLOWER OIL
SSO3,SAMRAT SUNFLOWER OIL TIN
SSO4,SUNNY SUNFLOWER OIL
SSP1,SUHANA SHAHI PANIR MIX
SSP6,SUHANA SP.UDAD PAPAD
SSP8,SUNDER SOAN PAPDI
SSR1,SARVOTTAM SUPER RICE BRAN OIL 1LITR
SSS11,SL SS SEE THROUGH MASALA DABBA PLAIN
SSS7,SANTOOR SAOP SANDAL & T
SST6,SENSODYNE SENSITIVIE TOOTHBRUSH 3N
SSU1,STAYFREE SECURE ULTRA
SSW1,SANTOOR SOAP WHITE
ST2,SAHYADRI TEA 1KG
ST3,SAVITRI TOPS AGGARBATI
STB5,SOFT TOUCH BLUE 1+1
STK4,SURBHI TOMATO KETCHUP
STL1,SUNSILK THICK & LONG SHAMPOO 340ML
STM4,SUHANA TEA MASALA
STM5,SAMARTHYA ROD SET REGULAR
STM6,SUHANA TEA MASALA
STO1,SK GOLD GROUNDNUT OIL 500ML
STS1,SUNSILK T&L SHAMPOO 180 ML
STS2,SUNSILK T&L SHAMPOO 80 ML
STS3,SANTOOR SANDAL 180
SU1,SAGAR UTNA 30GM
SVB1,SAWAI VEG BIRYANI MSL
SVC1,SW VEG CRISPY MASALA
SVG1,SUHANA VEG GRAVY MASALA
SWH1,SET WET HAIR GEL SHINE EVERYDAY
SXB1,SURF XL BAR
SXB2,SURF XL BAR
SXP1,SURF XL POWDER EW
SXP2,SURF XL POWDER EW
SYM1,YIPPEE MOOD MASALA NOODLES
T1,TUB 16LTR
T10,TIL 500GM
T11,TIL 1KG
T22,TIL 100GM
T24,AGARO BEARD TRIMMER MT 7001
T9,SK GOLD GROUNDNUT OIL
TAP1,TANUSHRI AARITHA POWDER
TB1,T BOX
TB10,TIDE BAR 3+1
TB18,TULIPS BUDS
TB2,TIDE BAR
TB20,TARBOOJ BEE 100GM
TB7,TARBOOJ BEE 500GM
TB8,TIDE BAR 250GM
TC5,TOP CRACKERS
TCF1,TANUSHRI CORN FLOUR
TCM4,TUSHRAJ CHASS MASALA
TD3,TRISHAKTI DISHWASH 5LTR
TDP3,TIDE DOUBLE POWER
TDP4,TIDE DOUBLE POWER
TDT1,TAAZA DUST TEA
TDT2,TAAZA DUST TEA
TF1,TUTTI FRUITY
TF2,TUUTI FRUITY 100GM
TFC3,TUTTY FRUITY CHERRY
TFC5,TRISHAKTI FLOOR CLEANER 5LTR
TG2,TIL GUL 100
TG3,TIL GUL 250
TGG1,TEMPTIN GINGER GARLIC PASTE
TGR1,TIRUPATI GOLD REFINED SOYABEAN OIL
TH2,TRISHAKTI HANDWASH 5LTR
THF1,TRESEMME HAIR FALL SHAMPOO 85ML
THF3,TRESEMME HAIR FALL SHAMPOO 85ML NEW
TIT1,TEINS ICE TRAY 1PC
TJP1,TIDE+ J&R POWDER
TJP2,TIDE+ J&R POWDER
TJP3,RUPDEV KALI MIRA POWDER
TJR1,TIDE + JASMINE & ROSE POWDER
TJR2,TIDE + JASMINE & ROSE
TJR3,TIDE JASMINE & ROSE POWDER 5KG
TJR4,TIDE JASMINE & ROSE POWDER 1KG
TKS1,TRES KERATIN SMOOTH COND
TKS2,TRESEMME KERATIN SMOOTH SHAMPOO 85ML
TKS4,TRESEMME KERATIN SMOOTH SHAMPOO
TKS8,TRESEMME KERATIN SMOOTH SHAMPOO 180ML
TLP1,TANG LEMON PWDR
TLT1,TAAZA LEAF  TEA
TM5,TANG MANGO
TMC1,TAAZA MASALA CHASKA 250GM
TMI1,TAJ MAHAL ICE CREME
TMP1,TOOFAN MANGO PICKLE
TMT1,TAJ MAHAL TEA
TMT2,TAJ MAHAL TEA
TMT4,TAJ MAHAL TEA 500GM
TNA1,TRUE NUT ANJEER
TNB2,TIGER NAPHTHALENE BALL
TO1,TANG ORANGE
TOL1,TUSHRAJ OREGANO LEAVES
TPJ1,TIDE POWDER J&R 4 KG+1 KG FREE
TPK1,TIDE POWDER 1 KG
TPM1,TUSHRAJ PIZZA MIX
TS1,TATA SALT
TSB1,THUNDER SHOT BASKET BALL
TSD1,TRU SHINE DISH WASH CLEANER
TSK2,TRES SHMP KERATIN
TSO1,TILONI SESAME OIL
TSO2,TILONI SESAME OIL
TSO5,TILONI SESAME OIL
TSP1,RUPVED SHIKAKAI POWDER 100GM
TSS1,TRESEMME SMOOTH & SHINE SHAMPOO 85ML
TTS1,TIC TAC SPEARMINT
TTS2,TIRUPATI TIN SOYABEAN
TU1,THUMS UP 250ML
TU2,THUMS UP 1LITR
TUB1,THUMS UP BOTTLE
TUP1,THUMS UP PARTY PACK
UAW1,UTTAM AJAWAIN WHOLE
UBR1,UNITY BASMATI DUBAR RICE
UC1,UNIBIC COCONUT
UCC1,UNIBIC CHOCO COOKIES
UCC3,UNIBIC CHOCO CHIP COOKIES
UCC4,UNIBIC CASHEW COOKIES 30RS
UCN1,UNIBIC CHOCO NUT COOKIES
UCR1,UNIBIC COCONUT RIPPLE BISCUIT
UCW1,UNIBIC CHOCOLATE WAFFERS
UD1,URID DAL 500GM
UDC2,URID DAL CHILKA 500GM
UDK1,URID DAL 1 KG
UFN1,UNIBIC FRUIT & NUT COOKIES
UM1,UTTAM CHASS MASALA
UO1,UNIBIC ORANGE 55GM
UP1,URID PAPAD 500GM
UPG1,UGAM PURE GHEE 15KG
UPP1,4 STEP PEDICURE
URC1,UNIBIC RIPPLE COOKIES CHOCO
US1,UJALA SUPREME
USL1,UJALA SUPREME LIQUID 75ML
USW1,UNIBIC STRAWBERRY WAFFERS
V10,VEET HAIR REMOVAL CREAM
V11,VOVA 100GM
V12,VOVA 200GM
V2,VILINA SOYABEAN 1 LTR
V3,VATANA 500GM
V4,VATANA 1KG
V5,VANILLA FAMILY PACK
V7,VOVA 50GM
VAM1,VASELINE ALOE MOISTURZING
VAS1,VIM ANTI SMELL LIQ POUCH 2LTR
VAV1,VIVEL ALOE VERA SOAP
VB1,VIM BAR
VB2,VIM BAR 4N
VB3,VIM BAR
VB5,VIM BAR 5N
VBA1,VIM BAR ANTI SMELL YELLOW GATTU B4G1
VBA2,VIM BAR ACTIVE GEL
VBA3,VIM BAR ANTI BAC NEEM GATTU B4G1
VBC2,VAS BL COCOA GLOW
VBD2,VAS BL DEEP MOIST
VBD4,VASELINE BL DEEP MOISTURE
VBD5,VASELINE SMALL
VBH1,VAS BL HEALTHY BRIGHT
VBH2,VASELINE HEALTHY BRIGHT 400ML
VBH3,VASELINE HEALTHY BRIGHT SPF30
VBL1,VASELINE BODY LOT HW DAILY BRIGHTENING E
VBL2,VASELINE BODY LOTION ALOE FRESH 100ML
VBL4,VASELINE BODY LOT COMPLETE 10 ANTI AGEIN
VBL5,VASELINE BODY LOTION HEALTHY BRIGHT 50ML
VBL6,VASELINE 400ML BODY LOTION
VBR1,VICKS BABY RUB
VCD1,VICKS COUGH DROPS GINGER
VCS3,VASELINE CLOUD SOFT LIGHT MOISTURISER 20
VCS4,VASELINE CLOUD SOFT LIGHT MOISTURISER 50
VCS5,VASELINE CLOUD SOFT LIGHT MOISTURISER 25
VCV1,VEEBA CHILLI VINEGAR
VD1,VASELINE DEEP
VD2,VIKRAM DUST 1KG
VDD1,VANDANA DELUX DHOOP
VDL1,VIM DISHWASH LIQUID 140ML
VDM1,VITHOBA DANT MANJAN AYURVED
VDM3,VASELINE DAILY BRIGHTENING LOTION
VDP1,VARDHAMAN DISCO PAPAD
VDT1,VIKRAM DUTS TEA 500GM
VDT2,VIKRAM DUST TEA 250
VE1,VIKRAM ELAICHI 1KG.
VEM1,VEEBA EGGLESS MAYONNAISE
VES1,ENVY SPRAY MEN
VET1,VIKRAM ELAICHI 250GM
VET2,VIKRAM ELAICHI TEA 500GM
VF1,VICCO FOAM
VF2,VYAS FARSAN
VFC1,VIM FLOOR CLEANER LAVENDER
VFC2,VIM FLOOR CLEANER LAVENDER 500ML
VFC3,VIM FLOOR CLEANER LEMON
VFD1,VLCC  DIAMOND FACIAL KIT
VFG1,VLCC FACIAL KIT GOLD
VG1,VIM GEL 250ML
VG12,VIM GEL 200ML
VG2,VANASPATI GEMINI
VG3,VANASPATI GEMINI
VG5,VIKRAM GOLD 1KG
VG7,VIM GEL 5LTR
VGH2,VASELINE GLUTA HYA DEWY RADIANCE 70ML
VGL1,VASELINE GLUTA HYA FLAWLESS GLOW
VGL2,VASELINE GLUTA HYA DEWY RADIANCE
VGM1,VIM GEL 750 ML
VGN2,VANASPATI GEMINI NEW
VGS1,VIKRAM GOLD SPECIAL MIX TEA 250GM
VGT1,VIKRAM GREEN TEA 100GM
VHB1,VASELINE HEALTHY BRIGHT 100ML
VHB4,VASELINE HEALTHY BRIGHT 200ML
VID1,VASELINE IC DEEP RESTORE
VK2,VIGHNAHARTA KAPOOR 20GM
VLA1,VIM LIQUID ANTI SMELL
VLC2,VASELINE LIP CARE COCOA
VLD1,VIKRAM LION DUST TEA 1KG
VLL1,VIM LEMONS LIQ BOTL
VLP2,VIM LIQUID POUCH 2LTR SPOUTED
VLP3,VIM LIQUID POUCH 900ML
VLT1,VASELINE LIP THERAPY ROSY TIN
VMF2,VASAYA MISAL FARSAN
VMT1,VIKRAM MASALA TEA 250GM
VN1,VLCC NATURAL FACIAL KIT SKIN GLOW
VNF1,VASAYA NAMKEEN FARSAN
VOA1,VANISH  OXI ACTION
VP1,VICCO PASTE
VP2,VICCO POWDER
VP3,VICCO POWDER
VP5,VICCO PEST
VP6,VICCO PASTE 200GM
VPS1,VICCO PEST SAUNF 80GM
VRC1,VEEBA RED CHILLI SAUCE
VRL1,VASELINE ROSY LIPS LIP BALM
VS1,VANASPATI SUNFLOWER
VS2,VANASPATI SUNFLOWER
VS4,VILINA SOYABEAN OIL
VS5,VATIKA SHAMPOO
VSC1,VEEBA SCHEZWAN CHUTNEY 250GM
VSD1,VEEBA SOYA DRIZZLE SAUCE
VSH1,VINAL SUKHAD HAIR OIL 500ML
VSH2,VINAL SUKHAD HAIR OIL 250ML
VSO1,VILINA SUNFLOWER OIL
VSO2,VILINA SUNFLOWER 15LTR
VSO3,VINILA SUNFLOWER OIL
VST1,VIM BAR TUB 32RS
VT1,VICCO TURMERIC
VT2,VICCO TURMERIC
VVP1,VICCO VAJRADANTI POUCH
VVR1,VICKS VAPO RUB 5ML
VVR2,VICKS VAPO RUB 10ML
VVR3,VICKS VAPO RUB
VVS1,ENVY SPRAY WOMEN
VWT1,VICCO WSO TURMERIC CREAM
W5,WHEEL 4KG
WA1,WHEEL ACTIVE
WAB1,WHEEL A BLUE POWDER
WBP1,WAGH BAKRI PREMIUM LEAF TEA
WBS1,WAGH BAKRI LEAF TEA
WBW2,WHITE BULL  WHITE CAT 5LTR
WC1,WAX CRAYONS CAMEL
WCA1,WHITE CAT ACID
WCA2,WHITE CAT ACID 500
WCA3,WHITE CAT ACID 5
WCN1,WHISPER CHOICE NIGHT XXL 6 PADS
WCU1,WHISPER CHOICE ULTRA XL
WCX1,WHISPER CHOICE XL
WDP1,WOOSH DETERGENT POWDER
WM1,WHEAT MURMURA 150GM
WMJ1,20-20 WALNUT MOTO JAR
WMM1,WINN MANCHURIAN MASALA
WMP1,WHEAT MURMURA PLAIN 150GM
WPE1,WEIKFIELD PASTA ELBOW
WSD1,WILD STONE DEO INTENSE BLACK 120ML
WSD2,WILD STONE DEO INTENSE OCEAN 120ML
WSD4,WILD STONE DEO INTENSE TRANCE 120ML
WSD5,WILD STONE SAOP 3+1
WSX1,WHISPER SOFT XL 15
WTF1,WHITE TONE FACE POWDER
WTF2,WHITE TONE FACE POWDER
WTF3,WHITE TONE FACE POWDER
WUN1,WHISPER ULTRA NIGHTS
WUN3,WHISPER ULTRA NIGHTS
WUP1,WHISPER ULTRA PINK SOFT XL
WUP2,WHISPER ULTRA PINK SOFT XL+
WW1,WHISPER WINGS
XB1,XPERT BAR
XB2,XPERT BAR 300GM
XDB2,XPERT DISHWASH BAR
YBL1,YUTIKA BODY LOTION ALMOND
YEL1,YARDLEY ENGLISH LAVENDER HAN
YEL3,YARDLEY ENGLISH LAV TALC 50GM
YEL5,YARDLEY ENGLISH LAVENDER BOTTLE
YER1,YARDLEY ENG ROSE TALC
YFE1,YARDLEY FLORAL ESSENCE HANDWASH
YGA1,YARDLEY GOLD AFTER SHAVE LOTION
YGC1,YARDLEY GENT CLASSICS DEO TAQLC
YGD1,YARDLEY GENTLEMAN DEO
YGE1,YARDLEY  ELEGANCE TALC
YGO1,YARDLEY GOLD  TALC 100GM
YGO2,YARDLEY GOLD LONDON DEO
YGT1,YARDLEY GENTLEMAN TALC
YGW1,YARDLEY GENTLEMAN ROYALE DEO
YHE1,YARDLEY HANDWASH ENGLISH FLORAL 750ML
YHR2,YARDLEY H/W ROSE
YHW1,YARDLEY HAND WASH LAVENDER
YJT1,YARDLEY JASMINE TALC
YLS2,YARDLEY LACE SATIN
YMD1,YARDLEY MORNING DEW
YN1,YARDELY NAVY
YNH1,YASHRAJ NATURAL HALDI
YNH2,YASHRAJ NATURAL HALDI 200GM
YNH3,YASHRAJ NATURAL HALDI 100GM
YNH4,YASHRAJ NATURAL HALDI 50GM
YT2,YADGAR TEA 1KG
YTG1,YARDLY TALC GOLD
YTM1,YARDLEY MORNING DEW 72RS.
Z1,ZULUBAR
ZB2,ZANDU BALM 50ML
ZB3,ZANDU BALM
ZBU1,ZANDU BALM ULTRA POWER
ZT1,Z TALC
